KOD WOJ.,WOJEWÓDZTWO,IMIĘ DRUGIE,PŁEĆ,LICZBA WYSTĄPIEŃ
2,DOLNOŚLĄSKIE,JAN,MĘŻCZYZNA,387
2,DOLNOŚLĄSKIE,PIOTR,MĘŻCZYZNA,242
2,DOLNOŚLĄSKIE,MICHAŁ,MĘŻCZYZNA,161
2,DOLNOŚLĄSKIE,JÓZEF,MĘŻCZYZNA,153
2,DOLNOŚLĄSKIE,STANISŁAW,MĘŻCZYZNA,151
2,DOLNOŚLĄSKIE,KRZYSZTOF,MĘŻCZYZNA,150
2,DOLNOŚLĄSKIE,ADAM,MĘŻCZYZNA,141
2,DOLNOŚLĄSKIE,PAWEŁ,MĘŻCZYZNA,140
2,DOLNOŚLĄSKIE,ANDRZEJ,MĘŻCZYZNA,132
2,DOLNOŚLĄSKIE,ALEKSANDER,MĘŻCZYZNA,116
2,DOLNOŚLĄSKIE,JAKUB,MĘŻCZYZNA,115
2,DOLNOŚLĄSKIE,ANTONI,MĘŻCZYZNA,114
2,DOLNOŚLĄSKIE,TOMASZ,MĘŻCZYZNA,108
2,DOLNOŚLĄSKIE,WOJCIECH,MĘŻCZYZNA,103
2,DOLNOŚLĄSKIE,MATEUSZ,MĘŻCZYZNA,99
2,DOLNOŚLĄSKIE,FRANCISZEK,MĘŻCZYZNA,96
2,DOLNOŚLĄSKIE,MAREK,MĘŻCZYZNA,93
2,DOLNOŚLĄSKIE,ŁUKASZ,MĘŻCZYZNA,83
2,DOLNOŚLĄSKIE,JERZY,MĘŻCZYZNA,81
2,DOLNOŚLĄSKIE,MARCIN,MĘŻCZYZNA,80
2,DOLNOŚLĄSKIE,TADEUSZ,MĘŻCZYZNA,78
2,DOLNOŚLĄSKIE,HENRYK,MĘŻCZYZNA,74
2,DOLNOŚLĄSKIE,KAZIMIERZ,MĘŻCZYZNA,74
2,DOLNOŚLĄSKIE,MACIEJ,MĘŻCZYZNA,72
2,DOLNOŚLĄSKIE,MIKOŁAJ,MĘŻCZYZNA,72
2,DOLNOŚLĄSKIE,ROBERT,MĘŻCZYZNA,65
2,DOLNOŚLĄSKIE,GRZEGORZ,MĘŻCZYZNA,62
2,DOLNOŚLĄSKIE,RYSZARD,MĘŻCZYZNA,60
2,DOLNOŚLĄSKIE,SZYMON,MĘŻCZYZNA,59
2,DOLNOŚLĄSKIE,DAWID,MĘŻCZYZNA,58
2,DOLNOŚLĄSKIE,LEON,MĘŻCZYZNA,55
2,DOLNOŚLĄSKIE,KACPER,MĘŻCZYZNA,50
2,DOLNOŚLĄSKIE,FILIP,MĘŻCZYZNA,49
2,DOLNOŚLĄSKIE,MAKSYMILIAN,MĘŻCZYZNA,49
2,DOLNOŚLĄSKIE,ZBIGNIEW,MĘŻCZYZNA,48
2,DOLNOŚLĄSKIE,DOMINIK,MĘŻCZYZNA,47
2,DOLNOŚLĄSKIE,RAFAŁ,MĘŻCZYZNA,47
2,DOLNOŚLĄSKIE,KAROL,MĘŻCZYZNA,46
2,DOLNOŚLĄSKIE,PATRYK,MĘŻCZYZNA,45
2,DOLNOŚLĄSKIE,MARIUSZ,MĘŻCZYZNA,42
2,DOLNOŚLĄSKIE,KAMIL,MĘŻCZYZNA,40
2,DOLNOŚLĄSKIE,DARIUSZ,MĘŻCZYZNA,38
2,DOLNOŚLĄSKIE,EDWARD,MĘŻCZYZNA,38
2,DOLNOŚLĄSKIE,IGNACY,MĘŻCZYZNA,38
2,DOLNOŚLĄSKIE,ARTUR,MĘŻCZYZNA,36
2,DOLNOŚLĄSKIE,BARTOSZ,MĘŻCZYZNA,36
2,DOLNOŚLĄSKIE,JACEK,MĘŻCZYZNA,36
2,DOLNOŚLĄSKIE,WIKTOR,MĘŻCZYZNA,36
2,DOLNOŚLĄSKIE,ROMAN,MĘŻCZYZNA,35
2,DOLNOŚLĄSKIE,GABRIEL,MĘŻCZYZNA,33
2,DOLNOŚLĄSKIE,DAMIAN,MĘŻCZYZNA,30
2,DOLNOŚLĄSKIE,SEBASTIAN,MĘŻCZYZNA,30
2,DOLNOŚLĄSKIE,MARIAN,MĘŻCZYZNA,29
2,DOLNOŚLĄSKIE,MIROSŁAW,MĘŻCZYZNA,29
2,DOLNOŚLĄSKIE,WŁADYSŁAW,MĘŻCZYZNA,29
2,DOLNOŚLĄSKIE,JULIAN,MĘŻCZYZNA,28
2,DOLNOŚLĄSKIE,MIECZYSŁAW,MĘŻCZYZNA,28
2,DOLNOŚLĄSKIE,NIKODEM,MĘŻCZYZNA,28
2,DOLNOŚLĄSKIE,STEFAN,MĘŻCZYZNA,28
2,DOLNOŚLĄSKIE,KRYSTIAN,MĘŻCZYZNA,27
2,DOLNOŚLĄSKIE,CZESŁAW,MĘŻCZYZNA,26
2,DOLNOŚLĄSKIE,DANIEL,MĘŻCZYZNA,26
2,DOLNOŚLĄSKIE,ADRIAN,MĘŻCZYZNA,24
2,DOLNOŚLĄSKIE,JAROSŁAW,MĘŻCZYZNA,24
2,DOLNOŚLĄSKIE,MARCEL,MĘŻCZYZNA,24
2,DOLNOŚLĄSKIE,WIESŁAW,MĘŻCZYZNA,23
2,DOLNOŚLĄSKIE,KONRAD,MĘŻCZYZNA,22
2,DOLNOŚLĄSKIE,BOGDAN,MĘŻCZYZNA,21
2,DOLNOŚLĄSKIE,JANUSZ,MĘŻCZYZNA,21
2,DOLNOŚLĄSKIE,PRZEMYSŁAW,MĘŻCZYZNA,21
2,DOLNOŚLĄSKIE,SŁAWOMIR,MĘŻCZYZNA,21
2,DOLNOŚLĄSKIE,OLIWIER,MĘŻCZYZNA,20
2,DOLNOŚLĄSKIE,RADOSŁAW,MĘŻCZYZNA,20
2,DOLNOŚLĄSKIE,BARTŁOMIEJ,MĘŻCZYZNA,18
2,DOLNOŚLĄSKIE,HUBERT,MĘŻCZYZNA,18
2,DOLNOŚLĄSKIE,IGOR,MĘŻCZYZNA,17
2,DOLNOŚLĄSKIE,LESZEK,MĘŻCZYZNA,17
2,DOLNOŚLĄSKIE,OSKAR,MĘŻCZYZNA,17
2,DOLNOŚLĄSKIE,ARKADIUSZ,MĘŻCZYZNA,16
2,DOLNOŚLĄSKIE,ZYGMUNT,MĘŻCZYZNA,16
2,DOLNOŚLĄSKIE,FABIAN,MĘŻCZYZNA,15
2,DOLNOŚLĄSKIE,NATAN,MĘŻCZYZNA,15
2,DOLNOŚLĄSKIE,ZDZISŁAW,MĘŻCZYZNA,14
2,DOLNOŚLĄSKIE,BOGUSŁAW,MĘŻCZYZNA,13
2,DOLNOŚLĄSKIE,CEZARY,MĘŻCZYZNA,13
2,DOLNOŚLĄSKIE,MIŁOSZ,MĘŻCZYZNA,13
2,DOLNOŚLĄSKIE,TYMOTEUSZ,MĘŻCZYZNA,13
2,DOLNOŚLĄSKIE,SYLWESTER,MĘŻCZYZNA,12
2,DOLNOŚLĄSKIE,TYMON,MĘŻCZYZNA,11
2,DOLNOŚLĄSKIE,ALAN,MĘŻCZYZNA,10
2,DOLNOŚLĄSKIE,FELIKS,MĘŻCZYZNA,10
2,DOLNOŚLĄSKIE,KSAWERY,MĘŻCZYZNA,10
2,DOLNOŚLĄSKIE,LEO,MĘŻCZYZNA,10
2,DOLNOŚLĄSKIE,MIESZKO,MĘŻCZYZNA,10
2,DOLNOŚLĄSKIE,TEODOR,MĘŻCZYZNA,10
2,DOLNOŚLĄSKIE,WALDEMAR,MĘŻCZYZNA,10
2,DOLNOŚLĄSKIE,BRONISŁAW,MĘŻCZYZNA,9
2,DOLNOŚLĄSKIE,EUGENIUSZ,MĘŻCZYZNA,9
2,DOLNOŚLĄSKIE,FRYDERYK,MĘŻCZYZNA,9
2,DOLNOŚLĄSKIE,GUSTAW,MĘŻCZYZNA,9
2,DOLNOŚLĄSKIE,IRENEUSZ,MĘŻCZYZNA,9
2,DOLNOŚLĄSKIE,NORBERT,MĘŻCZYZNA,9
2,DOLNOŚLĄSKIE,WITOLD,MĘŻCZYZNA,9
2,DOLNOŚLĄSKIE,BRUNO,MĘŻCZYZNA,8
2,DOLNOŚLĄSKIE,FLORIAN,MĘŻCZYZNA,8
2,DOLNOŚLĄSKIE,KAJETAN,MĘŻCZYZNA,8
2,DOLNOŚLĄSKIE,AMADEUSZ,MĘŻCZYZNA,7
2,DOLNOŚLĄSKIE,EMIL,MĘŻCZYZNA,7
2,DOLNOŚLĄSKIE,JEREMI,MĘŻCZYZNA,7
2,DOLNOŚLĄSKIE,LEONARD,MĘŻCZYZNA,7
2,DOLNOŚLĄSKIE,LUCJAN,MĘŻCZYZNA,7
2,DOLNOŚLĄSKIE,LUDWIK,MĘŻCZYZNA,7
2,DOLNOŚLĄSKIE,SZCZEPAN,MĘŻCZYZNA,7
2,DOLNOŚLĄSKIE,BŁAŻEJ,MĘŻCZYZNA,6
2,DOLNOŚLĄSKIE,BOLESŁAW,MĘŻCZYZNA,6
2,DOLNOŚLĄSKIE,ERNEST,MĘŻCZYZNA,6
2,DOLNOŚLĄSKIE,LECH,MĘŻCZYZNA,6
2,DOLNOŚLĄSKIE,MILAN,MĘŻCZYZNA,6
2,DOLNOŚLĄSKIE,OLAF,MĘŻCZYZNA,6
2,DOLNOŚLĄSKIE,ALBERT,MĘŻCZYZNA,5
2,DOLNOŚLĄSKIE,ALEXANDER,MĘŻCZYZNA,5
2,DOLNOŚLĄSKIE,EDMUND,MĘŻCZYZNA,5
2,DOLNOŚLĄSKIE,ERYK,MĘŻCZYZNA,5
2,DOLNOŚLĄSKIE,GRACJAN,MĘŻCZYZNA,5
2,DOLNOŚLĄSKIE,KOSMA,MĘŻCZYZNA,5
2,DOLNOŚLĄSKIE,LEOPOLD,MĘŻCZYZNA,5
2,DOLNOŚLĄSKIE,LESŁAW,MĘŻCZYZNA,5
2,DOLNOŚLĄSKIE,TOBIASZ,MĘŻCZYZNA,5
2,DOLNOŚLĄSKIE,TYBERIUSZ,MĘŻCZYZNA,5
2,DOLNOŚLĄSKIE,ZENON,MĘŻCZYZNA,5
2,DOLNOŚLĄSKIE,ALEX,MĘŻCZYZNA,4
2,DOLNOŚLĄSKIE,BERNARD,MĘŻCZYZNA,4
2,DOLNOŚLĄSKIE,BORYS,MĘŻCZYZNA,4
2,DOLNOŚLĄSKIE,BRAJAN,MĘŻCZYZNA,4
2,DOLNOŚLĄSKIE,CYPRIAN,MĘŻCZYZNA,4
2,DOLNOŚLĄSKIE,DENIS,MĘŻCZYZNA,4
2,DOLNOŚLĄSKIE,EMANUEL,MĘŻCZYZNA,4
2,DOLNOŚLĄSKIE,GNIEWOMIR,MĘŻCZYZNA,4
2,DOLNOŚLĄSKIE,HUGO,MĘŻCZYZNA,4
2,DOLNOŚLĄSKIE,JOSEPH,MĘŻCZYZNA,4
2,DOLNOŚLĄSKIE,KONSTANTY,MĘŻCZYZNA,4
2,DOLNOŚLĄSKIE,KORNEL,MĘŻCZYZNA,4
2,DOLNOŚLĄSKIE,KUBA,MĘŻCZYZNA,4
2,DOLNOŚLĄSKIE,MAKSYM,MĘŻCZYZNA,4
2,DOLNOŚLĄSKIE,MARCELI,MĘŻCZYZNA,4
2,DOLNOŚLĄSKIE,MARIA,MĘŻCZYZNA,4
2,DOLNOŚLĄSKIE,MARTIN,MĘŻCZYZNA,4
2,DOLNOŚLĄSKIE,OKTAWIAN,MĘŻCZYZNA,4
2,DOLNOŚLĄSKIE,REMIGIUSZ,MĘŻCZYZNA,4
2,DOLNOŚLĄSKIE,TYTUS,MĘŻCZYZNA,4
2,DOLNOŚLĄSKIE,WINCENTY,MĘŻCZYZNA,4
2,DOLNOŚLĄSKIE,ALOJZY,MĘŻCZYZNA,3
2,DOLNOŚLĄSKIE,BENEDYKT,MĘŻCZYZNA,3
2,DOLNOŚLĄSKIE,BOGUMIŁ,MĘŻCZYZNA,3
2,DOLNOŚLĄSKIE,CARLOS,MĘŻCZYZNA,3
2,DOLNOŚLĄSKIE,DORIAN,MĘŻCZYZNA,3
2,DOLNOŚLĄSKIE,GERARD,MĘŻCZYZNA,3
2,DOLNOŚLĄSKIE,GNIEWKO,MĘŻCZYZNA,3
2,DOLNOŚLĄSKIE,IWO,MĘŻCZYZNA,3
2,DOLNOŚLĄSKIE,KORDIAN,MĘŻCZYZNA,3
2,DOLNOŚLĄSKIE,OLGIERD,MĘŻCZYZNA,3
2,DOLNOŚLĄSKIE,SAMUEL,MĘŻCZYZNA,3
2,DOLNOŚLĄSKIE,VINCENT,MĘŻCZYZNA,3
2,DOLNOŚLĄSKIE,WIT,MĘŻCZYZNA,3
2,DOLNOŚLĄSKIE,WŁODZIMIERZ,MĘŻCZYZNA,3
2,DOLNOŚLĄSKIE,ALEKSY,MĘŻCZYZNA,2
2,DOLNOŚLĄSKIE,ALEXANDROS,MĘŻCZYZNA,2
2,DOLNOŚLĄSKIE,BEAR,MĘŻCZYZNA,2
2,DOLNOŚLĄSKIE,BENIAMIN,MĘŻCZYZNA,2
2,DOLNOŚLĄSKIE,BENJAMIN,MĘŻCZYZNA,2
2,DOLNOŚLĄSKIE,ELIAS,MĘŻCZYZNA,2
2,DOLNOŚLĄSKIE,GERALD,MĘŻCZYZNA,2
2,DOLNOŚLĄSKIE,HEKTOR,MĘŻCZYZNA,2
2,DOLNOŚLĄSKIE,HERBERT,MĘŻCZYZNA,2
2,DOLNOŚLĄSKIE,HIPOLIT,MĘŻCZYZNA,2
2,DOLNOŚLĄSKIE,IZYDOR,MĘŻCZYZNA,2
2,DOLNOŚLĄSKIE,JĘDRZEJ,MĘŻCZYZNA,2
2,DOLNOŚLĄSKIE,JOEL,MĘŻCZYZNA,2
2,DOLNOŚLĄSKIE,JOHN,MĘŻCZYZNA,2
2,DOLNOŚLĄSKIE,LEW,MĘŻCZYZNA,2
2,DOLNOŚLĄSKIE,LORD,MĘŻCZYZNA,2
2,DOLNOŚLĄSKIE,MATEO,MĘŻCZYZNA,2
2,DOLNOŚLĄSKIE,MAURYCY,MĘŻCZYZNA,2
2,DOLNOŚLĄSKIE,MAX,MĘŻCZYZNA,2
2,DOLNOŚLĄSKIE,MIRON,MĘŻCZYZNA,2
2,DOLNOŚLĄSKIE,NATANAEL,MĘŻCZYZNA,2
2,DOLNOŚLĄSKIE,NIKOLAS,MĘŻCZYZNA,2
2,DOLNOŚLĄSKIE,OLIVER,MĘŻCZYZNA,2
2,DOLNOŚLĄSKIE,OLIWER,MĘŻCZYZNA,2
2,DOLNOŚLĄSKIE,ORION,MĘŻCZYZNA,2
2,DOLNOŚLĄSKIE,PATRICK,MĘŻCZYZNA,2
2,DOLNOŚLĄSKIE,PATRYCJUSZ,MĘŻCZYZNA,2
2,DOLNOŚLĄSKIE,PIO,MĘŻCZYZNA,2
2,DOLNOŚLĄSKIE,RONALD,MĘŻCZYZNA,2
2,DOLNOŚLĄSKIE,RUDOLF,MĘŻCZYZNA,2
2,DOLNOŚLĄSKIE,SERAFIN,MĘŻCZYZNA,2
2,DOLNOŚLĄSKIE,SEWERYN,MĘŻCZYZNA,2
2,DOLNOŚLĄSKIE,VITO,MĘŻCZYZNA,2
4,KUJAWSKO-POMORSKIE,,MĘŻCZYZNA,5975
4,KUJAWSKO-POMORSKIE,JAN,MĘŻCZYZNA,181
4,KUJAWSKO-POMORSKIE,PIOTR,MĘŻCZYZNA,97
4,KUJAWSKO-POMORSKIE,KRZYSZTOF,MĘŻCZYZNA,66
4,KUJAWSKO-POMORSKIE,STANISŁAW,MĘŻCZYZNA,58
4,KUJAWSKO-POMORSKIE,MICHAŁ,MĘŻCZYZNA,55
4,KUJAWSKO-POMORSKIE,ALEKSANDER,MĘŻCZYZNA,54
4,KUJAWSKO-POMORSKIE,PAWEŁ,MĘŻCZYZNA,53
4,KUJAWSKO-POMORSKIE,JÓZEF,MĘŻCZYZNA,52
4,KUJAWSKO-POMORSKIE,JAKUB,MĘŻCZYZNA,49
4,KUJAWSKO-POMORSKIE,MAREK,MĘŻCZYZNA,48
4,KUJAWSKO-POMORSKIE,ADAM,MĘŻCZYZNA,43
4,KUJAWSKO-POMORSKIE,ANDRZEJ,MĘŻCZYZNA,43
4,KUJAWSKO-POMORSKIE,FRANCISZEK,MĘŻCZYZNA,43
4,KUJAWSKO-POMORSKIE,JERZY,MĘŻCZYZNA,40
4,KUJAWSKO-POMORSKIE,TOMASZ,MĘŻCZYZNA,40
4,KUJAWSKO-POMORSKIE,HENRYK,MĘŻCZYZNA,38
4,KUJAWSKO-POMORSKIE,MARCIN,MĘŻCZYZNA,35
4,KUJAWSKO-POMORSKIE,KAZIMIERZ,MĘŻCZYZNA,34
4,KUJAWSKO-POMORSKIE,WOJCIECH,MĘŻCZYZNA,34
4,KUJAWSKO-POMORSKIE,MATEUSZ,MĘŻCZYZNA,33
4,KUJAWSKO-POMORSKIE,MIKOŁAJ,MĘŻCZYZNA,32
4,KUJAWSKO-POMORSKIE,ŁUKASZ,MĘŻCZYZNA,31
4,KUJAWSKO-POMORSKIE,JACEK,MĘŻCZYZNA,30
4,KUJAWSKO-POMORSKIE,DAWID,MĘŻCZYZNA,28
4,KUJAWSKO-POMORSKIE,ANTONI,MĘŻCZYZNA,26
4,KUJAWSKO-POMORSKIE,IGNACY,MĘŻCZYZNA,26
4,KUJAWSKO-POMORSKIE,TADEUSZ,MĘŻCZYZNA,25
4,KUJAWSKO-POMORSKIE,ZBIGNIEW,MĘŻCZYZNA,25
4,KUJAWSKO-POMORSKIE,LEON,MĘŻCZYZNA,24
4,KUJAWSKO-POMORSKIE,MACIEJ,MĘŻCZYZNA,23
4,KUJAWSKO-POMORSKIE,MARIUSZ,MĘŻCZYZNA,23
4,KUJAWSKO-POMORSKIE,PATRYK,MĘŻCZYZNA,23
4,KUJAWSKO-POMORSKIE,DARIUSZ,MĘŻCZYZNA,21
4,KUJAWSKO-POMORSKIE,SZYMON,MĘŻCZYZNA,21
4,KUJAWSKO-POMORSKIE,STEFAN,MĘŻCZYZNA,20
4,KUJAWSKO-POMORSKIE,FILIP,MĘŻCZYZNA,19
4,KUJAWSKO-POMORSKIE,ROBERT,MĘŻCZYZNA,19
4,KUJAWSKO-POMORSKIE,KAROL,MĘŻCZYZNA,18
4,KUJAWSKO-POMORSKIE,RAFAŁ,MĘŻCZYZNA,18
4,KUJAWSKO-POMORSKIE,SŁAWOMIR,MĘŻCZYZNA,18
4,KUJAWSKO-POMORSKIE,ARTUR,MĘŻCZYZNA,17
4,KUJAWSKO-POMORSKIE,MAKSYMILIAN,MĘŻCZYZNA,17
4,KUJAWSKO-POMORSKIE,RYSZARD,MĘŻCZYZNA,17
4,KUJAWSKO-POMORSKIE,EDWARD,MĘŻCZYZNA,15
4,KUJAWSKO-POMORSKIE,KACPER,MĘŻCZYZNA,15
4,KUJAWSKO-POMORSKIE,SEBASTIAN,MĘŻCZYZNA,14
4,KUJAWSKO-POMORSKIE,ADRIAN,MĘŻCZYZNA,13
4,KUJAWSKO-POMORSKIE,BARTOSZ,MĘŻCZYZNA,13
4,KUJAWSKO-POMORSKIE,DAMIAN,MĘŻCZYZNA,13
4,KUJAWSKO-POMORSKIE,GABRIEL,MĘŻCZYZNA,13
4,KUJAWSKO-POMORSKIE,DANIEL,MĘŻCZYZNA,12
4,KUJAWSKO-POMORSKIE,WIESŁAW,MĘŻCZYZNA,12
4,KUJAWSKO-POMORSKIE,WIKTOR,MĘŻCZYZNA,12
4,KUJAWSKO-POMORSKIE,GRZEGORZ,MĘŻCZYZNA,11
4,KUJAWSKO-POMORSKIE,NIKODEM,MĘŻCZYZNA,11
4,KUJAWSKO-POMORSKIE,PRZEMYSŁAW,MĘŻCZYZNA,11
4,KUJAWSKO-POMORSKIE,WITOLD,MĘŻCZYZNA,11
4,KUJAWSKO-POMORSKIE,DOMINIK,MĘŻCZYZNA,10
4,KUJAWSKO-POMORSKIE,IGOR,MĘŻCZYZNA,10
4,KUJAWSKO-POMORSKIE,ZYGMUNT,MĘŻCZYZNA,10
4,KUJAWSKO-POMORSKIE,ARKADIUSZ,MĘŻCZYZNA,9
4,KUJAWSKO-POMORSKIE,FELIKS,MĘŻCZYZNA,9
4,KUJAWSKO-POMORSKIE,KAMIL,MĘŻCZYZNA,9
4,KUJAWSKO-POMORSKIE,LESZEK,MĘŻCZYZNA,9
4,KUJAWSKO-POMORSKIE,MARIAN,MĘŻCZYZNA,9
4,KUJAWSKO-POMORSKIE,MIŁOSZ,MĘŻCZYZNA,9
4,KUJAWSKO-POMORSKIE,ZDZISŁAW,MĘŻCZYZNA,9
4,KUJAWSKO-POMORSKIE,HUBERT,MĘŻCZYZNA,8
4,KUJAWSKO-POMORSKIE,JANUSZ,MĘŻCZYZNA,8
4,KUJAWSKO-POMORSKIE,MIROSŁAW,MĘŻCZYZNA,8
4,KUJAWSKO-POMORSKIE,CEZARY,MĘŻCZYZNA,7
4,KUJAWSKO-POMORSKIE,EDMUND,MĘŻCZYZNA,7
4,KUJAWSKO-POMORSKIE,JAROSŁAW,MĘŻCZYZNA,7
4,KUJAWSKO-POMORSKIE,KRYSTIAN,MĘŻCZYZNA,7
4,KUJAWSKO-POMORSKIE,LUCJAN,MĘŻCZYZNA,7
4,KUJAWSKO-POMORSKIE,MARCEL,MĘŻCZYZNA,7
4,KUJAWSKO-POMORSKIE,OLIWIER,MĘŻCZYZNA,7
4,KUJAWSKO-POMORSKIE,ROMAN,MĘŻCZYZNA,7
4,KUJAWSKO-POMORSKIE,SYLWESTER,MĘŻCZYZNA,7
4,KUJAWSKO-POMORSKIE,BARTŁOMIEJ,MĘŻCZYZNA,6
4,KUJAWSKO-POMORSKIE,EMIL,MĘŻCZYZNA,6
4,KUJAWSKO-POMORSKIE,FABIAN,MĘŻCZYZNA,6
4,KUJAWSKO-POMORSKIE,JULIAN,MĘŻCZYZNA,6
4,KUJAWSKO-POMORSKIE,MIECZYSŁAW,MĘŻCZYZNA,6
4,KUJAWSKO-POMORSKIE,TYMOTEUSZ,MĘŻCZYZNA,6
4,KUJAWSKO-POMORSKIE,WŁADYSŁAW,MĘŻCZYZNA,6
4,KUJAWSKO-POMORSKIE,ALAN,MĘŻCZYZNA,5
4,KUJAWSKO-POMORSKIE,BERNARD,MĘŻCZYZNA,5
4,KUJAWSKO-POMORSKIE,BOGDAN,MĘŻCZYZNA,5
4,KUJAWSKO-POMORSKIE,NATAN,MĘŻCZYZNA,5
4,KUJAWSKO-POMORSKIE,VINCENT,MĘŻCZYZNA,5
4,KUJAWSKO-POMORSKIE,BRUNO,MĘŻCZYZNA,4
4,KUJAWSKO-POMORSKIE,CZESŁAW,MĘŻCZYZNA,4
4,KUJAWSKO-POMORSKIE,KONRAD,MĘŻCZYZNA,4
4,KUJAWSKO-POMORSKIE,KONSTANTY,MĘŻCZYZNA,4
4,KUJAWSKO-POMORSKIE,LUDWIK,MĘŻCZYZNA,4
4,KUJAWSKO-POMORSKIE,OSKAR,MĘŻCZYZNA,4
4,KUJAWSKO-POMORSKIE,WALDEMAR,MĘŻCZYZNA,4
4,KUJAWSKO-POMORSKIE,ALBERT,MĘŻCZYZNA,3
4,KUJAWSKO-POMORSKIE,BŁAŻEJ,MĘŻCZYZNA,3
4,KUJAWSKO-POMORSKIE,BOLESŁAW,MĘŻCZYZNA,3
4,KUJAWSKO-POMORSKIE,BORYS,MĘŻCZYZNA,3
4,KUJAWSKO-POMORSKIE,ERYK,MĘŻCZYZNA,3
4,KUJAWSKO-POMORSKIE,EUGENIUSZ,MĘŻCZYZNA,3
4,KUJAWSKO-POMORSKIE,FLORIAN,MĘŻCZYZNA,3
4,KUJAWSKO-POMORSKIE,IRENEUSZ,MĘŻCZYZNA,3
4,KUJAWSKO-POMORSKIE,IWO,MĘŻCZYZNA,3
4,KUJAWSKO-POMORSKIE,KSAWERY,MĘŻCZYZNA,3
4,KUJAWSKO-POMORSKIE,LECH,MĘŻCZYZNA,3
4,KUJAWSKO-POMORSKIE,LEO,MĘŻCZYZNA,3
4,KUJAWSKO-POMORSKIE,NORBERT,MĘŻCZYZNA,3
4,KUJAWSKO-POMORSKIE,RADOSŁAW,MĘŻCZYZNA,3
4,KUJAWSKO-POMORSKIE,TYMON,MĘŻCZYZNA,3
4,KUJAWSKO-POMORSKIE,WINCENTY,MĘŻCZYZNA,3
4,KUJAWSKO-POMORSKIE,ALBIN,MĘŻCZYZNA,2
4,KUJAWSKO-POMORSKIE,ALEXANDER,MĘŻCZYZNA,2
4,KUJAWSKO-POMORSKIE,BOGUMIŁ,MĘŻCZYZNA,2
4,KUJAWSKO-POMORSKIE,BOGUSŁAW,MĘŻCZYZNA,2
4,KUJAWSKO-POMORSKIE,BOŻYDAR,MĘŻCZYZNA,2
4,KUJAWSKO-POMORSKIE,BRONISŁAW,MĘŻCZYZNA,2
4,KUJAWSKO-POMORSKIE,DAVID,MĘŻCZYZNA,2
4,KUJAWSKO-POMORSKIE,DIONIZY,MĘŻCZYZNA,2
4,KUJAWSKO-POMORSKIE,ERNEST,MĘŻCZYZNA,2
4,KUJAWSKO-POMORSKIE,JEREMI,MĘŻCZYZNA,2
4,KUJAWSKO-POMORSKIE,LEONARD,MĘŻCZYZNA,2
4,KUJAWSKO-POMORSKIE,MARIA,MĘŻCZYZNA,2
4,KUJAWSKO-POMORSKIE,MIESZKO,MĘŻCZYZNA,2
4,KUJAWSKO-POMORSKIE,OLAF,MĘŻCZYZNA,2
4,KUJAWSKO-POMORSKIE,PATRICK,MĘŻCZYZNA,2
4,KUJAWSKO-POMORSKIE,ROCH,MĘŻCZYZNA,2
4,KUJAWSKO-POMORSKIE,SALVADOR,MĘŻCZYZNA,2
4,KUJAWSKO-POMORSKIE,SEWERYN,MĘŻCZYZNA,2
4,KUJAWSKO-POMORSKIE,SZCZEPAN,MĘŻCZYZNA,2
4,KUJAWSKO-POMORSKIE,WACŁAW,MĘŻCZYZNA,2
4,KUJAWSKO-POMORSKIE,ZENON,MĘŻCZYZNA,2
4,KUJAWSKO-POMORSKIE,ZIEMOWIT,MĘŻCZYZNA,2
6,LUBELSKIE,,MĘŻCZYZNA,6047
6,LUBELSKIE,JAN,MĘŻCZYZNA,148
6,LUBELSKIE,PIOTR,MĘŻCZYZNA,64
6,LUBELSKIE,JÓZEF,MĘŻCZYZNA,62
6,LUBELSKIE,STANISŁAW,MĘŻCZYZNA,48
6,LUBELSKIE,ALEKSANDER,MĘŻCZYZNA,46
6,LUBELSKIE,KRZYSZTOF,MĘŻCZYZNA,46
6,LUBELSKIE,MICHAŁ,MĘŻCZYZNA,43
6,LUBELSKIE,ANTONI,MĘŻCZYZNA,39
6,LUBELSKIE,JAKUB,MĘŻCZYZNA,39
6,LUBELSKIE,ANDRZEJ,MĘŻCZYZNA,38
6,LUBELSKIE,PAWEŁ,MĘŻCZYZNA,38
6,LUBELSKIE,ADAM,MĘŻCZYZNA,35
6,LUBELSKIE,JERZY,MĘŻCZYZNA,31
6,LUBELSKIE,TADEUSZ,MĘŻCZYZNA,31
6,LUBELSKIE,FRANCISZEK,MĘŻCZYZNA,29
6,LUBELSKIE,MIKOŁAJ,MĘŻCZYZNA,26
6,LUBELSKIE,KAZIMIERZ,MĘŻCZYZNA,25
6,LUBELSKIE,MAREK,MĘŻCZYZNA,22
6,LUBELSKIE,WOJCIECH,MĘŻCZYZNA,22
6,LUBELSKIE,TOMASZ,MĘŻCZYZNA,20
6,LUBELSKIE,NIKODEM,MĘŻCZYZNA,19
6,LUBELSKIE,DAWID,MĘŻCZYZNA,18
6,LUBELSKIE,IGNACY,MĘŻCZYZNA,18
6,LUBELSKIE,HENRYK,MĘŻCZYZNA,17
6,LUBELSKIE,KAROL,MĘŻCZYZNA,17
6,LUBELSKIE,MARCIN,MĘŻCZYZNA,17
6,LUBELSKIE,ARTUR,MĘŻCZYZNA,16
6,LUBELSKIE,DARIUSZ,MĘŻCZYZNA,16
6,LUBELSKIE,GABRIEL,MĘŻCZYZNA,16
6,LUBELSKIE,KAMIL,MĘŻCZYZNA,16
6,LUBELSKIE,GRZEGORZ,MĘŻCZYZNA,15
6,LUBELSKIE,MACIEJ,MĘŻCZYZNA,15
6,LUBELSKIE,KACPER,MĘŻCZYZNA,14
6,LUBELSKIE,PATRYK,MĘŻCZYZNA,14
6,LUBELSKIE,ŁUKASZ,MĘŻCZYZNA,13
6,LUBELSKIE,MATEUSZ,MĘŻCZYZNA,13
6,LUBELSKIE,RAFAŁ,MĘŻCZYZNA,13
6,LUBELSKIE,JULIAN,MĘŻCZYZNA,12
6,LUBELSKIE,OLIWIER,MĘŻCZYZNA,12
6,LUBELSKIE,RYSZARD,MĘŻCZYZNA,12
6,LUBELSKIE,WIKTOR,MĘŻCZYZNA,12
6,LUBELSKIE,BARTŁOMIEJ,MĘŻCZYZNA,11
6,LUBELSKIE,FILIP,MĘŻCZYZNA,11
6,LUBELSKIE,ROBERT,MĘŻCZYZNA,11
6,LUBELSKIE,ZBIGNIEW,MĘŻCZYZNA,11
6,LUBELSKIE,HUBERT,MĘŻCZYZNA,10
6,LUBELSKIE,IGOR,MĘŻCZYZNA,10
6,LUBELSKIE,MARIAN,MĘŻCZYZNA,10
6,LUBELSKIE,SZYMON,MĘŻCZYZNA,10
6,LUBELSKIE,DAMIAN,MĘŻCZYZNA,9
6,LUBELSKIE,SEBASTIAN,MĘŻCZYZNA,9
6,LUBELSKIE,DOMINIK,MĘŻCZYZNA,8
6,LUBELSKIE,EDWARD,MĘŻCZYZNA,8
6,LUBELSKIE,JACEK,MĘŻCZYZNA,8
6,LUBELSKIE,LEON,MĘŻCZYZNA,8
6,LUBELSKIE,MIŁOSZ,MĘŻCZYZNA,8
6,LUBELSKIE,CEZARY,MĘŻCZYZNA,7
6,LUBELSKIE,DANIEL,MĘŻCZYZNA,7
6,LUBELSKIE,IRENEUSZ,MĘŻCZYZNA,7
6,LUBELSKIE,KRYSTIAN,MĘŻCZYZNA,7
6,LUBELSKIE,ADRIAN,MĘŻCZYZNA,6
6,LUBELSKIE,BOGUSŁAW,MĘŻCZYZNA,6
6,LUBELSKIE,MAKSYMILIAN,MĘŻCZYZNA,6
6,LUBELSKIE,MIROSŁAW,MĘŻCZYZNA,6
6,LUBELSKIE,WIESŁAW,MĘŻCZYZNA,6
6,LUBELSKIE,ALAN,MĘŻCZYZNA,5
6,LUBELSKIE,ARKADIUSZ,MĘŻCZYZNA,5
6,LUBELSKIE,BARTOSZ,MĘŻCZYZNA,5
6,LUBELSKIE,CZESŁAW,MĘŻCZYZNA,5
6,LUBELSKIE,KONRAD,MĘŻCZYZNA,5
6,LUBELSKIE,NATAN,MĘŻCZYZNA,5
6,LUBELSKIE,ROMAN,MĘŻCZYZNA,5
6,LUBELSKIE,STEFAN,MĘŻCZYZNA,5
6,LUBELSKIE,WALDEMAR,MĘŻCZYZNA,5
6,LUBELSKIE,BOŻYDAR,MĘŻCZYZNA,4
6,LUBELSKIE,BRONISŁAW,MĘŻCZYZNA,4
6,LUBELSKIE,EMIL,MĘŻCZYZNA,4
6,LUBELSKIE,MARCEL,MĘŻCZYZNA,4
6,LUBELSKIE,MIESZKO,MĘŻCZYZNA,4
6,LUBELSKIE,SEWERYN,MĘŻCZYZNA,4
6,LUBELSKIE,SZCZEPAN,MĘŻCZYZNA,4
6,LUBELSKIE,TYMOTEUSZ,MĘŻCZYZNA,4
6,LUBELSKIE,WINCENTY,MĘŻCZYZNA,4
6,LUBELSKIE,WŁADYSŁAW,MĘŻCZYZNA,4
6,LUBELSKIE,BOGDAN,MĘŻCZYZNA,3
6,LUBELSKIE,FELIKS,MĘŻCZYZNA,3
6,LUBELSKIE,FLORIAN,MĘŻCZYZNA,3
6,LUBELSKIE,GUSTAW,MĘŻCZYZNA,3
6,LUBELSKIE,IWO,MĘŻCZYZNA,3
6,LUBELSKIE,JANUSZ,MĘŻCZYZNA,3
6,LUBELSKIE,JAROSŁAW,MĘŻCZYZNA,3
6,LUBELSKIE,KORDIAN,MĘŻCZYZNA,3
6,LUBELSKIE,LESZEK,MĘŻCZYZNA,3
6,LUBELSKIE,NORBERT,MĘŻCZYZNA,3
6,LUBELSKIE,PRZEMYSŁAW,MĘŻCZYZNA,3
6,LUBELSKIE,RADOSŁAW,MĘŻCZYZNA,3
6,LUBELSKIE,REMIGIUSZ,MĘŻCZYZNA,3
6,LUBELSKIE,SYLWESTER,MĘŻCZYZNA,3
6,LUBELSKIE,TYMON,MĘŻCZYZNA,3
6,LUBELSKIE,WITOLD,MĘŻCZYZNA,3
6,LUBELSKIE,ZDZISŁAW,MĘŻCZYZNA,3
6,LUBELSKIE,ZYGMUNT,MĘŻCZYZNA,3
6,LUBELSKIE,BENEDYKT,MĘŻCZYZNA,2
6,LUBELSKIE,BENIAMIN,MĘŻCZYZNA,2
6,LUBELSKIE,BERNARD,MĘŻCZYZNA,2
6,LUBELSKIE,JULIUSZ,MĘŻCZYZNA,2
6,LUBELSKIE,KONSTANTY,MĘŻCZYZNA,2
6,LUBELSKIE,KOSMA,MĘŻCZYZNA,2
6,LUBELSKIE,KSAWERY,MĘŻCZYZNA,2
6,LUBELSKIE,LEONARD,MĘŻCZYZNA,2
6,LUBELSKIE,LESŁAW,MĘŻCZYZNA,2
6,LUBELSKIE,LIAM,MĘŻCZYZNA,2
6,LUBELSKIE,LUDWIK,MĘŻCZYZNA,2
6,LUBELSKIE,MAKS,MĘŻCZYZNA,2
6,LUBELSKIE,MARIUSZ,MĘŻCZYZNA,2
6,LUBELSKIE,MIECZYSŁAW,MĘŻCZYZNA,2
6,LUBELSKIE,OSKAR,MĘŻCZYZNA,2
6,LUBELSKIE,SŁAWOMIR,MĘŻCZYZNA,2
6,LUBELSKIE,VINCENT,MĘŻCZYZNA,2
8,LUBUSKIE,,MĘŻCZYZNA,2379
8,LUBUSKIE,JAN,MĘŻCZYZNA,107
8,LUBUSKIE,PIOTR,MĘŻCZYZNA,63
8,LUBUSKIE,MICHAŁ,MĘŻCZYZNA,42
8,LUBUSKIE,STANISŁAW,MĘŻCZYZNA,40
8,LUBUSKIE,KRZYSZTOF,MĘŻCZYZNA,37
8,LUBUSKIE,PAWEŁ,MĘŻCZYZNA,36
8,LUBUSKIE,ANDRZEJ,MĘŻCZYZNA,35
8,LUBUSKIE,JÓZEF,MĘŻCZYZNA,30
8,LUBUSKIE,HENRYK,MĘŻCZYZNA,29
8,LUBUSKIE,ALEKSANDER,MĘŻCZYZNA,28
8,LUBUSKIE,ŁUKASZ,MĘŻCZYZNA,28
8,LUBUSKIE,ANTONI,MĘŻCZYZNA,27
8,LUBUSKIE,ADAM,MĘŻCZYZNA,26
8,LUBUSKIE,TADEUSZ,MĘŻCZYZNA,26
8,LUBUSKIE,TOMASZ,MĘŻCZYZNA,23
8,LUBUSKIE,FRANCISZEK,MĘŻCZYZNA,22
8,LUBUSKIE,MARCIN,MĘŻCZYZNA,21
8,LUBUSKIE,MATEUSZ,MĘŻCZYZNA,21
8,LUBUSKIE,JAKUB,MĘŻCZYZNA,19
8,LUBUSKIE,KAROL,MĘŻCZYZNA,18
8,LUBUSKIE,MAREK,MĘŻCZYZNA,18
8,LUBUSKIE,WIKTOR,MĘŻCZYZNA,16
8,LUBUSKIE,DAWID,MĘŻCZYZNA,15
8,LUBUSKIE,IGNACY,MĘŻCZYZNA,15
8,LUBUSKIE,JERZY,MĘŻCZYZNA,15
8,LUBUSKIE,KAZIMIERZ,MĘŻCZYZNA,15
8,LUBUSKIE,MAKSYMILIAN,MĘŻCZYZNA,15
8,LUBUSKIE,MARIUSZ,MĘŻCZYZNA,15
8,LUBUSKIE,ZBIGNIEW,MĘŻCZYZNA,15
8,LUBUSKIE,EDWARD,MĘŻCZYZNA,14
8,LUBUSKIE,GRZEGORZ,MĘŻCZYZNA,14
8,LUBUSKIE,MARCEL,MĘŻCZYZNA,13
8,LUBUSKIE,MIKOŁAJ,MĘŻCZYZNA,13
8,LUBUSKIE,MIROSŁAW,MĘŻCZYZNA,13
8,LUBUSKIE,SEBASTIAN,MĘŻCZYZNA,13
8,LUBUSKIE,WOJCIECH,MĘŻCZYZNA,13
8,LUBUSKIE,KAMIL,MĘŻCZYZNA,12
8,LUBUSKIE,WŁADYSŁAW,MĘŻCZYZNA,12
8,LUBUSKIE,FILIP,MĘŻCZYZNA,11
8,LUBUSKIE,GABRIEL,MĘŻCZYZNA,11
8,LUBUSKIE,MACIEJ,MĘŻCZYZNA,11
8,LUBUSKIE,RAFAŁ,MĘŻCZYZNA,11
8,LUBUSKIE,RYSZARD,MĘŻCZYZNA,11
8,LUBUSKIE,DARIUSZ,MĘŻCZYZNA,10
8,LUBUSKIE,LEON,MĘŻCZYZNA,10
8,LUBUSKIE,PATRYK,MĘŻCZYZNA,10
8,LUBUSKIE,SZYMON,MĘŻCZYZNA,10
8,LUBUSKIE,ARKADIUSZ,MĘŻCZYZNA,9
8,LUBUSKIE,JACEK,MĘŻCZYZNA,9
8,LUBUSKIE,KRYSTIAN,MĘŻCZYZNA,9
8,LUBUSKIE,WALDEMAR,MĘŻCZYZNA,9
8,LUBUSKIE,ADRIAN,MĘŻCZYZNA,8
8,LUBUSKIE,KACPER,MĘŻCZYZNA,8
8,LUBUSKIE,MARIAN,MĘŻCZYZNA,8
8,LUBUSKIE,OLIWIER,MĘŻCZYZNA,8
8,LUBUSKIE,RADOSŁAW,MĘŻCZYZNA,8
8,LUBUSKIE,ROMAN,MĘŻCZYZNA,8
8,LUBUSKIE,SYLWESTER,MĘŻCZYZNA,8
8,LUBUSKIE,JANUSZ,MĘŻCZYZNA,7
8,LUBUSKIE,PRZEMYSŁAW,MĘŻCZYZNA,7
8,LUBUSKIE,STEFAN,MĘŻCZYZNA,7
8,LUBUSKIE,CZESŁAW,MĘŻCZYZNA,6
8,LUBUSKIE,DAMIAN,MĘŻCZYZNA,6
8,LUBUSKIE,JULIAN,MĘŻCZYZNA,6
8,LUBUSKIE,LESZEK,MĘŻCZYZNA,6
8,LUBUSKIE,MIŁOSZ,MĘŻCZYZNA,6
8,LUBUSKIE,NIKODEM,MĘŻCZYZNA,6
8,LUBUSKIE,OSKAR,MĘŻCZYZNA,6
8,LUBUSKIE,BARTOSZ,MĘŻCZYZNA,5
8,LUBUSKIE,BOGDAN,MĘŻCZYZNA,5
8,LUBUSKIE,DOMINIK,MĘŻCZYZNA,5
8,LUBUSKIE,FELIKS,MĘŻCZYZNA,5
8,LUBUSKIE,JAROSŁAW,MĘŻCZYZNA,5
8,LUBUSKIE,WIESŁAW,MĘŻCZYZNA,5
8,LUBUSKIE,ZDZISŁAW,MĘŻCZYZNA,5
8,LUBUSKIE,DANIEL,MĘŻCZYZNA,4
8,LUBUSKIE,EMIL,MĘŻCZYZNA,4
8,LUBUSKIE,IGOR,MĘŻCZYZNA,4
8,LUBUSKIE,IRENEUSZ,MĘŻCZYZNA,4
8,LUBUSKIE,KSAWERY,MĘŻCZYZNA,4
8,LUBUSKIE,ROBERT,MĘŻCZYZNA,4
8,LUBUSKIE,ALAN,MĘŻCZYZNA,3
8,LUBUSKIE,ARTUR,MĘŻCZYZNA,3
8,LUBUSKIE,EUGENIUSZ,MĘŻCZYZNA,3
8,LUBUSKIE,FLORIAN,MĘŻCZYZNA,3
8,LUBUSKIE,KORNEL,MĘŻCZYZNA,3
8,LUBUSKIE,LECH,MĘŻCZYZNA,3
8,LUBUSKIE,WŁODZIMIERZ,MĘŻCZYZNA,3
8,LUBUSKIE,ZYGMUNT,MĘŻCZYZNA,3
8,LUBUSKIE,ANTONIO,MĘŻCZYZNA,2
8,LUBUSKIE,ARIEL,MĘŻCZYZNA,2
8,LUBUSKIE,BARTŁOMIEJ,MĘŻCZYZNA,2
8,LUBUSKIE,BENEDYKT,MĘŻCZYZNA,2
8,LUBUSKIE,BOŻYDAR,MĘŻCZYZNA,2
8,LUBUSKIE,ERYK,MĘŻCZYZNA,2
8,LUBUSKIE,FABIAN,MĘŻCZYZNA,2
8,LUBUSKIE,GNIEWOMIR,MĘŻCZYZNA,2
8,LUBUSKIE,HUBERT,MĘŻCZYZNA,2
8,LUBUSKIE,JEREMIASZ,MĘŻCZYZNA,2
8,LUBUSKIE,KEWIN,MĘŻCZYZNA,2
8,LUBUSKIE,KONRAD,MĘŻCZYZNA,2
8,LUBUSKIE,MAURYCY,MĘŻCZYZNA,2
8,LUBUSKIE,MIECZYSŁAW,MĘŻCZYZNA,2
8,LUBUSKIE,MILAN,MĘŻCZYZNA,2
8,LUBUSKIE,NATAN,MĘŻCZYZNA,2
8,LUBUSKIE,OLIVIER,MĘŻCZYZNA,2
8,LUBUSKIE,SAMUEL,MĘŻCZYZNA,2
8,LUBUSKIE,TYMON,MĘŻCZYZNA,2
8,LUBUSKIE,ZENON,MĘŻCZYZNA,2
10,ŁÓDZKIE,,MĘŻCZYZNA,5168
10,ŁÓDZKIE,JAN,MĘŻCZYZNA,308
10,ŁÓDZKIE,PIOTR,MĘŻCZYZNA,209
10,ŁÓDZKIE,STANISŁAW,MĘŻCZYZNA,157
10,ŁÓDZKIE,KRZYSZTOF,MĘŻCZYZNA,129
10,ŁÓDZKIE,JAKUB,MĘŻCZYZNA,119
10,ŁÓDZKIE,ADAM,MĘŻCZYZNA,112
10,ŁÓDZKIE,JÓZEF,MĘŻCZYZNA,111
10,ŁÓDZKIE,MICHAŁ,MĘŻCZYZNA,110
10,ŁÓDZKIE,ALEKSANDER,MĘŻCZYZNA,96
10,ŁÓDZKIE,ANTONI,MĘŻCZYZNA,91
10,ŁÓDZKIE,TOMASZ,MĘŻCZYZNA,90
10,ŁÓDZKIE,PAWEŁ,MĘŻCZYZNA,84
10,ŁÓDZKIE,ŁUKASZ,MĘŻCZYZNA,83
10,ŁÓDZKIE,ANDRZEJ,MĘŻCZYZNA,75
10,ŁÓDZKIE,MARCIN,MĘŻCZYZNA,74
10,ŁÓDZKIE,MAREK,MĘŻCZYZNA,72
10,ŁÓDZKIE,WOJCIECH,MĘŻCZYZNA,69
10,ŁÓDZKIE,JERZY,MĘŻCZYZNA,67
10,ŁÓDZKIE,MATEUSZ,MĘŻCZYZNA,64
10,ŁÓDZKIE,MIKOŁAJ,MĘŻCZYZNA,60
10,ŁÓDZKIE,TADEUSZ,MĘŻCZYZNA,58
10,ŁÓDZKIE,FILIP,MĘŻCZYZNA,55
10,ŁÓDZKIE,FRANCISZEK,MĘŻCZYZNA,55
10,ŁÓDZKIE,KAZIMIERZ,MĘŻCZYZNA,55
10,ŁÓDZKIE,RAFAŁ,MĘŻCZYZNA,50
10,ŁÓDZKIE,HENRYK,MĘŻCZYZNA,46
10,ŁÓDZKIE,MACIEJ,MĘŻCZYZNA,44
10,ŁÓDZKIE,ZBIGNIEW,MĘŻCZYZNA,44
10,ŁÓDZKIE,DAMIAN,MĘŻCZYZNA,42
10,ŁÓDZKIE,SZYMON,MĘŻCZYZNA,42
10,ŁÓDZKIE,WIKTOR,MĘŻCZYZNA,42
10,ŁÓDZKIE,LEON,MĘŻCZYZNA,40
10,ŁÓDZKIE,GRZEGORZ,MĘŻCZYZNA,39
10,ŁÓDZKIE,GABRIEL,MĘŻCZYZNA,38
10,ŁÓDZKIE,MARIUSZ,MĘŻCZYZNA,37
10,ŁÓDZKIE,NIKODEM,MĘŻCZYZNA,37
10,ŁÓDZKIE,KACPER,MĘŻCZYZNA,36
10,ŁÓDZKIE,DAWID,MĘŻCZYZNA,34
10,ŁÓDZKIE,KAROL,MĘŻCZYZNA,34
10,ŁÓDZKIE,ARTUR,MĘŻCZYZNA,33
10,ŁÓDZKIE,DARIUSZ,MĘŻCZYZNA,33
10,ŁÓDZKIE,DOMINIK,MĘŻCZYZNA,32
10,ŁÓDZKIE,IGNACY,MĘŻCZYZNA,32
10,ŁÓDZKIE,KAMIL,MĘŻCZYZNA,32
10,ŁÓDZKIE,ADRIAN,MĘŻCZYZNA,31
10,ŁÓDZKIE,ROBERT,MĘŻCZYZNA,30
10,ŁÓDZKIE,RYSZARD,MĘŻCZYZNA,29
10,ŁÓDZKIE,JAROSŁAW,MĘŻCZYZNA,27
10,ŁÓDZKIE,PATRYK,MĘŻCZYZNA,27
10,ŁÓDZKIE,SEBASTIAN,MĘŻCZYZNA,27
10,ŁÓDZKIE,SŁAWOMIR,MĘŻCZYZNA,27
10,ŁÓDZKIE,JACEK,MĘŻCZYZNA,26
10,ŁÓDZKIE,JULIAN,MĘŻCZYZNA,26
10,ŁÓDZKIE,BARTŁOMIEJ,MĘŻCZYZNA,24
10,ŁÓDZKIE,PRZEMYSŁAW,MĘŻCZYZNA,24
10,ŁÓDZKIE,BARTOSZ,MĘŻCZYZNA,23
10,ŁÓDZKIE,MARCEL,MĘŻCZYZNA,23
10,ŁÓDZKIE,EDWARD,MĘŻCZYZNA,20
10,ŁÓDZKIE,OLIWIER,MĘŻCZYZNA,20
10,ŁÓDZKIE,IGOR,MĘŻCZYZNA,19
10,ŁÓDZKIE,OSKAR,MĘŻCZYZNA,19
10,ŁÓDZKIE,ARKADIUSZ,MĘŻCZYZNA,18
10,ŁÓDZKIE,DANIEL,MĘŻCZYZNA,18
10,ŁÓDZKIE,MAKSYMILIAN,MĘŻCZYZNA,18
10,ŁÓDZKIE,BOGDAN,MĘŻCZYZNA,17
10,ŁÓDZKIE,MARIAN,MĘŻCZYZNA,17
10,ŁÓDZKIE,ZDZISŁAW,MĘŻCZYZNA,17
10,ŁÓDZKIE,ALAN,MĘŻCZYZNA,16
10,ŁÓDZKIE,CEZARY,MĘŻCZYZNA,16
10,ŁÓDZKIE,HUBERT,MĘŻCZYZNA,16
10,ŁÓDZKIE,KONRAD,MĘŻCZYZNA,16
10,ŁÓDZKIE,KRYSTIAN,MĘŻCZYZNA,16
10,ŁÓDZKIE,MIŁOSZ,MĘŻCZYZNA,16
10,ŁÓDZKIE,MIROSŁAW,MĘŻCZYZNA,16
10,ŁÓDZKIE,RADOSŁAW,MĘŻCZYZNA,15
10,ŁÓDZKIE,STEFAN,MĘŻCZYZNA,15
10,ŁÓDZKIE,CZESŁAW,MĘŻCZYZNA,13
10,ŁÓDZKIE,KSAWERY,MĘŻCZYZNA,13
10,ŁÓDZKIE,WIESŁAW,MĘŻCZYZNA,13
10,ŁÓDZKIE,WŁADYSŁAW,MĘŻCZYZNA,13
10,ŁÓDZKIE,FELIKS,MĘŻCZYZNA,12
10,ŁÓDZKIE,NATAN,MĘŻCZYZNA,12
10,ŁÓDZKIE,TYMON,MĘŻCZYZNA,12
10,ŁÓDZKIE,TYMOTEUSZ,MĘŻCZYZNA,12
10,ŁÓDZKIE,EMIL,MĘŻCZYZNA,11
10,ŁÓDZKIE,LESZEK,MĘŻCZYZNA,11
10,ŁÓDZKIE,ZYGMUNT,MĘŻCZYZNA,11
10,ŁÓDZKIE,FABIAN,MĘŻCZYZNA,10
10,ŁÓDZKIE,MIECZYSŁAW,MĘŻCZYZNA,10
10,ŁÓDZKIE,SYLWESTER,MĘŻCZYZNA,10
10,ŁÓDZKIE,WALDEMAR,MĘŻCZYZNA,10
10,ŁÓDZKIE,LUCJAN,MĘŻCZYZNA,9
10,ŁÓDZKIE,JANUSZ,MĘŻCZYZNA,8
10,ŁÓDZKIE,ROMAN,MĘŻCZYZNA,8
10,ŁÓDZKIE,WITOLD,MĘŻCZYZNA,8
10,ŁÓDZKIE,WŁODZIMIERZ,MĘŻCZYZNA,8
10,ŁÓDZKIE,EUGENIUSZ,MĘŻCZYZNA,7
10,ŁÓDZKIE,KAJETAN,MĘŻCZYZNA,7
10,ŁÓDZKIE,OLAF,MĘŻCZYZNA,7
10,ŁÓDZKIE,SEWERYN,MĘŻCZYZNA,7
10,ŁÓDZKIE,ERYK,MĘŻCZYZNA,6
10,ŁÓDZKIE,KONSTANTY,MĘŻCZYZNA,6
10,ŁÓDZKIE,MIESZKO,MĘŻCZYZNA,6
10,ŁÓDZKIE,ALEKSY,MĘŻCZYZNA,5
10,ŁÓDZKIE,BŁAŻEJ,MĘŻCZYZNA,5
10,ŁÓDZKIE,BOGUMIŁ,MĘŻCZYZNA,5
10,ŁÓDZKIE,BOLESŁAW,MĘŻCZYZNA,5
10,ŁÓDZKIE,BRUNO,MĘŻCZYZNA,5
10,ŁÓDZKIE,EDMUND,MĘŻCZYZNA,5
10,ŁÓDZKIE,KORDIAN,MĘŻCZYZNA,5
10,ŁÓDZKIE,LECH,MĘŻCZYZNA,5
10,ŁÓDZKIE,SZCZEPAN,MĘŻCZYZNA,5
10,ŁÓDZKIE,ALBERT,MĘŻCZYZNA,4
10,ŁÓDZKIE,BOGUSŁAW,MĘŻCZYZNA,4
10,ŁÓDZKIE,BRONISŁAW,MĘŻCZYZNA,4
10,ŁÓDZKIE,GUSTAW,MĘŻCZYZNA,4
10,ŁÓDZKIE,IRENEUSZ,MĘŻCZYZNA,4
10,ŁÓDZKIE,JEREMI,MĘŻCZYZNA,4
10,ŁÓDZKIE,KUBA,MĘŻCZYZNA,4
10,ŁÓDZKIE,LEONARD,MĘŻCZYZNA,4
10,ŁÓDZKIE,LEW,MĘŻCZYZNA,4
10,ŁÓDZKIE,MARCELI,MĘŻCZYZNA,4
10,ŁÓDZKIE,MAURYCY,MĘŻCZYZNA,4
10,ŁÓDZKIE,MILAN,MĘŻCZYZNA,4
10,ŁÓDZKIE,NATANIEL,MĘŻCZYZNA,4
10,ŁÓDZKIE,OLIVIER,MĘŻCZYZNA,4
10,ŁÓDZKIE,REMIGIUSZ,MĘŻCZYZNA,4
10,ŁÓDZKIE,TEODOR,MĘŻCZYZNA,4
10,ŁÓDZKIE,ZENON,MĘŻCZYZNA,4
10,ŁÓDZKIE,ALEXANDER,MĘŻCZYZNA,3
10,ŁÓDZKIE,BERNARD,MĘŻCZYZNA,3
10,ŁÓDZKIE,CYPRIAN,MĘŻCZYZNA,3
10,ŁÓDZKIE,FLORIAN,MĘŻCZYZNA,3
10,ŁÓDZKIE,FRYDERYK,MĘŻCZYZNA,3
10,ŁÓDZKIE,GERARD,MĘŻCZYZNA,3
10,ŁÓDZKIE,JULIUSZ,MĘŻCZYZNA,3
10,ŁÓDZKIE,KORNEL,MĘŻCZYZNA,3
10,ŁÓDZKIE,LUDWIK,MĘŻCZYZNA,3
10,ŁÓDZKIE,NIKOLAS,MĘŻCZYZNA,3
10,ŁÓDZKIE,NORBERT,MĘŻCZYZNA,3
10,ŁÓDZKIE,WACŁAW,MĘŻCZYZNA,3
10,ŁÓDZKIE,WINCENTY,MĘŻCZYZNA,3
10,ŁÓDZKIE,AARON,MĘŻCZYZNA,2
10,ŁÓDZKIE,ALFRED,MĘŻCZYZNA,2
10,ŁÓDZKIE,BENEDYKT,MĘŻCZYZNA,2
10,ŁÓDZKIE,BRAJAN,MĘŻCZYZNA,2
10,ŁÓDZKIE,BRUNON,MĘŻCZYZNA,2
10,ŁÓDZKIE,DORIAN,MĘŻCZYZNA,2
10,ŁÓDZKIE,ERNEST,MĘŻCZYZNA,2
10,ŁÓDZKIE,HEKTOR,MĘŻCZYZNA,2
10,ŁÓDZKIE,HIERONIM,MĘŻCZYZNA,2
10,ŁÓDZKIE,HUGO,MĘŻCZYZNA,2
10,ŁÓDZKIE,IWO,MĘŻCZYZNA,2
10,ŁÓDZKIE,KAJ,MĘŻCZYZNA,2
10,ŁÓDZKIE,MICHAEL,MĘŻCZYZNA,2
10,ŁÓDZKIE,OKTAWIAN,MĘŻCZYZNA,2
10,ŁÓDZKIE,OLGIERD,MĘŻCZYZNA,2
10,ŁÓDZKIE,ROCH,MĘŻCZYZNA,2
10,ŁÓDZKIE,SAMUEL,MĘŻCZYZNA,2
10,ŁÓDZKIE,SYRIUSZ,MĘŻCZYZNA,2
10,ŁÓDZKIE,TOBIASZ,MĘŻCZYZNA,2
10,ŁÓDZKIE,WALENTY,MĘŻCZYZNA,2
10,ŁÓDZKIE,WAWRZYNIEC,MĘŻCZYZNA,2
10,ŁÓDZKIE,ZACHARY,MĘŻCZYZNA,2
10,ŁÓDZKIE,ZIEMOWIT,MĘŻCZYZNA,2
12,MAŁOPOLSKIE,,MĘŻCZYZNA,6431
12,MAŁOPOLSKIE,JAN,MĘŻCZYZNA,860
12,MAŁOPOLSKIE,JÓZEF,MĘŻCZYZNA,526
12,MAŁOPOLSKIE,STANISŁAW,MĘŻCZYZNA,492
12,MAŁOPOLSKIE,PIOTR,MĘŻCZYZNA,486
12,MAŁOPOLSKIE,KRZYSZTOF,MĘŻCZYZNA,307
12,MAŁOPOLSKIE,PAWEŁ,MĘŻCZYZNA,277
12,MAŁOPOLSKIE,MICHAŁ,MĘŻCZYZNA,276
12,MAŁOPOLSKIE,FRANCISZEK,MĘŻCZYZNA,254
12,MAŁOPOLSKIE,JAKUB,MĘŻCZYZNA,250
12,MAŁOPOLSKIE,ALEKSANDER,MĘŻCZYZNA,230
12,MAŁOPOLSKIE,ANTONI,MĘŻCZYZNA,224
12,MAŁOPOLSKIE,ADAM,MĘŻCZYZNA,223
12,MAŁOPOLSKIE,TOMASZ,MĘŻCZYZNA,214
12,MAŁOPOLSKIE,ANDRZEJ,MĘŻCZYZNA,211
12,MAŁOPOLSKIE,MATEUSZ,MĘŻCZYZNA,209
12,MAŁOPOLSKIE,WOJCIECH,MĘŻCZYZNA,203
12,MAŁOPOLSKIE,ŁUKASZ,MĘŻCZYZNA,177
12,MAŁOPOLSKIE,MAREK,MĘŻCZYZNA,176
12,MAŁOPOLSKIE,TADEUSZ,MĘŻCZYZNA,164
12,MAŁOPOLSKIE,MARCIN,MĘŻCZYZNA,163
12,MAŁOPOLSKIE,JERZY,MĘŻCZYZNA,144
12,MAŁOPOLSKIE,MIKOŁAJ,MĘŻCZYZNA,141
12,MAŁOPOLSKIE,KAROL,MĘŻCZYZNA,129
12,MAŁOPOLSKIE,DAWID,MĘŻCZYZNA,122
12,MAŁOPOLSKIE,GRZEGORZ,MĘŻCZYZNA,121
12,MAŁOPOLSKIE,KAZIMIERZ,MĘŻCZYZNA,121
12,MAŁOPOLSKIE,SZYMON,MĘŻCZYZNA,118
12,MAŁOPOLSKIE,FILIP,MĘŻCZYZNA,110
12,MAŁOPOLSKIE,MACIEJ,MĘŻCZYZNA,109
12,MAŁOPOLSKIE,DOMINIK,MĘŻCZYZNA,100
12,MAŁOPOLSKIE,KAMIL,MĘŻCZYZNA,97
12,MAŁOPOLSKIE,MAKSYMILIAN,MĘŻCZYZNA,94
12,MAŁOPOLSKIE,GABRIEL,MĘŻCZYZNA,84
12,MAŁOPOLSKIE,WIKTOR,MĘŻCZYZNA,80
12,MAŁOPOLSKIE,HENRYK,MĘŻCZYZNA,76
12,MAŁOPOLSKIE,JACEK,MĘŻCZYZNA,75
12,MAŁOPOLSKIE,WŁADYSŁAW,MĘŻCZYZNA,75
12,MAŁOPOLSKIE,KACPER,MĘŻCZYZNA,71
12,MAŁOPOLSKIE,BARTŁOMIEJ,MĘŻCZYZNA,69
12,MAŁOPOLSKIE,EDWARD,MĘŻCZYZNA,68
12,MAŁOPOLSKIE,ARTUR,MĘŻCZYZNA,65
12,MAŁOPOLSKIE,ZBIGNIEW,MĘŻCZYZNA,65
12,MAŁOPOLSKIE,LEON,MĘŻCZYZNA,64
12,MAŁOPOLSKIE,DAMIAN,MĘŻCZYZNA,63
12,MAŁOPOLSKIE,IGNACY,MĘŻCZYZNA,62
12,MAŁOPOLSKIE,RYSZARD,MĘŻCZYZNA,62
12,MAŁOPOLSKIE,RAFAŁ,MĘŻCZYZNA,61
12,MAŁOPOLSKIE,ROBERT,MĘŻCZYZNA,60
12,MAŁOPOLSKIE,MARIUSZ,MĘŻCZYZNA,59
12,MAŁOPOLSKIE,PATRYK,MĘŻCZYZNA,58
12,MAŁOPOLSKIE,SEBASTIAN,MĘŻCZYZNA,58
12,MAŁOPOLSKIE,ADRIAN,MĘŻCZYZNA,55
12,MAŁOPOLSKIE,DANIEL,MĘŻCZYZNA,54
12,MAŁOPOLSKIE,NIKODEM,MĘŻCZYZNA,53
12,MAŁOPOLSKIE,MARIAN,MĘŻCZYZNA,52
12,MAŁOPOLSKIE,STEFAN,MĘŻCZYZNA,52
12,MAŁOPOLSKIE,DARIUSZ,MĘŻCZYZNA,51
12,MAŁOPOLSKIE,KRYSTIAN,MĘŻCZYZNA,51
12,MAŁOPOLSKIE,JULIAN,MĘŻCZYZNA,50
12,MAŁOPOLSKIE,MIŁOSZ,MĘŻCZYZNA,41
12,MAŁOPOLSKIE,SŁAWOMIR,MĘŻCZYZNA,39
12,MAŁOPOLSKIE,ROMAN,MĘŻCZYZNA,38
12,MAŁOPOLSKIE,CZESŁAW,MĘŻCZYZNA,36
12,MAŁOPOLSKIE,PRZEMYSŁAW,MĘŻCZYZNA,36
12,MAŁOPOLSKIE,JANUSZ,MĘŻCZYZNA,35
12,MAŁOPOLSKIE,BARTOSZ,MĘŻCZYZNA,33
12,MAŁOPOLSKIE,HUBERT,MĘŻCZYZNA,33
12,MAŁOPOLSKIE,KONRAD,MĘŻCZYZNA,33
12,MAŁOPOLSKIE,MIECZYSŁAW,MĘŻCZYZNA,32
12,MAŁOPOLSKIE,MARCEL,MĘŻCZYZNA,31
12,MAŁOPOLSKIE,WIESŁAW,MĘŻCZYZNA,31
12,MAŁOPOLSKIE,ARKADIUSZ,MĘŻCZYZNA,30
12,MAŁOPOLSKIE,IGOR,MĘŻCZYZNA,30
12,MAŁOPOLSKIE,OLIWIER,MĘŻCZYZNA,30
12,MAŁOPOLSKIE,BOGDAN,MĘŻCZYZNA,29
12,MAŁOPOLSKIE,JAROSŁAW,MĘŻCZYZNA,29
12,MAŁOPOLSKIE,LESZEK,MĘŻCZYZNA,28
12,MAŁOPOLSKIE,ZYGMUNT,MĘŻCZYZNA,28
12,MAŁOPOLSKIE,MIROSŁAW,MĘŻCZYZNA,26
12,MAŁOPOLSKIE,LUDWIK,MĘŻCZYZNA,23
12,MAŁOPOLSKIE,BOGUSŁAW,MĘŻCZYZNA,22
12,MAŁOPOLSKIE,KSAWERY,MĘŻCZYZNA,21
12,MAŁOPOLSKIE,OSKAR,MĘŻCZYZNA,21
12,MAŁOPOLSKIE,ALAN,MĘŻCZYZNA,20
12,MAŁOPOLSKIE,ALBERT,MĘŻCZYZNA,19
12,MAŁOPOLSKIE,EMIL,MĘŻCZYZNA,18
12,MAŁOPOLSKIE,RADOSŁAW,MĘŻCZYZNA,18
12,MAŁOPOLSKIE,FELIKS,MĘŻCZYZNA,17
12,MAŁOPOLSKIE,SYLWESTER,MĘŻCZYZNA,17
12,MAŁOPOLSKIE,WITOLD,MĘŻCZYZNA,17
12,MAŁOPOLSKIE,BRONISŁAW,MĘŻCZYZNA,16
12,MAŁOPOLSKIE,FABIAN,MĘŻCZYZNA,15
12,MAŁOPOLSKIE,TOBIASZ,MĘŻCZYZNA,15
12,MAŁOPOLSKIE,TYMON,MĘŻCZYZNA,15
12,MAŁOPOLSKIE,BŁAŻEJ,MĘŻCZYZNA,14
12,MAŁOPOLSKIE,ERYK,MĘŻCZYZNA,14
12,MAŁOPOLSKIE,TYMOTEUSZ,MĘŻCZYZNA,14
12,MAŁOPOLSKIE,ZDZISŁAW,MĘŻCZYZNA,14
12,MAŁOPOLSKIE,BOLESŁAW,MĘŻCZYZNA,12
12,MAŁOPOLSKIE,FLORIAN,MĘŻCZYZNA,12
12,MAŁOPOLSKIE,TEODOR,MĘŻCZYZNA,12
12,MAŁOPOLSKIE,CEZARY,MĘŻCZYZNA,11
12,MAŁOPOLSKIE,KAJETAN,MĘŻCZYZNA,11
12,MAŁOPOLSKIE,MIESZKO,MĘŻCZYZNA,11
12,MAŁOPOLSKIE,SZCZEPAN,MĘŻCZYZNA,11
12,MAŁOPOLSKIE,IRENEUSZ,MĘŻCZYZNA,10
12,MAŁOPOLSKIE,OLAF,MĘŻCZYZNA,10
12,MAŁOPOLSKIE,AMADEUSZ,MĘŻCZYZNA,9
12,MAŁOPOLSKIE,NORBERT,MĘŻCZYZNA,9
12,MAŁOPOLSKIE,WALDEMAR,MĘŻCZYZNA,9
12,MAŁOPOLSKIE,BORYS,MĘŻCZYZNA,8
12,MAŁOPOLSKIE,BRUNO,MĘŻCZYZNA,8
12,MAŁOPOLSKIE,MARIA,MĘŻCZYZNA,8
12,MAŁOPOLSKIE,MILAN,MĘŻCZYZNA,8
12,MAŁOPOLSKIE,WŁODZIMIERZ,MĘŻCZYZNA,8
12,MAŁOPOLSKIE,AUGUSTYN,MĘŻCZYZNA,7
12,MAŁOPOLSKIE,ERNEST,MĘŻCZYZNA,7
12,MAŁOPOLSKIE,EUGENIUSZ,MĘŻCZYZNA,7
12,MAŁOPOLSKIE,KORDIAN,MĘŻCZYZNA,7
12,MAŁOPOLSKIE,SEWERYN,MĘŻCZYZNA,7
12,MAŁOPOLSKIE,BENEDYKT,MĘŻCZYZNA,6
12,MAŁOPOLSKIE,BOGUMIŁ,MĘŻCZYZNA,6
12,MAŁOPOLSKIE,FRYDERYK,MĘŻCZYZNA,6
12,MAŁOPOLSKIE,GERARD,MĘŻCZYZNA,6
12,MAŁOPOLSKIE,KONSTANTY,MĘŻCZYZNA,6
12,MAŁOPOLSKIE,KORNEL,MĘŻCZYZNA,6
12,MAŁOPOLSKIE,NATAN,MĘŻCZYZNA,6
12,MAŁOPOLSKIE,WINCENTY,MĘŻCZYZNA,6
12,MAŁOPOLSKIE,ZENON,MĘŻCZYZNA,6
12,MAŁOPOLSKIE,ALEKSY,MĘŻCZYZNA,5
12,MAŁOPOLSKIE,EMANUEL,MĘŻCZYZNA,5
12,MAŁOPOLSKIE,GUSTAW,MĘŻCZYZNA,5
12,MAŁOPOLSKIE,IWO,MĘŻCZYZNA,5
12,MAŁOPOLSKIE,LEONARD,MĘŻCZYZNA,5
12,MAŁOPOLSKIE,MAKSYM,MĘŻCZYZNA,5
12,MAŁOPOLSKIE,OLGIERD,MĘŻCZYZNA,5
12,MAŁOPOLSKIE,OLIVIER,MĘŻCZYZNA,5
12,MAŁOPOLSKIE,WACŁAW,MĘŻCZYZNA,5
12,MAŁOPOLSKIE,ALEKS,MĘŻCZYZNA,4
12,MAŁOPOLSKIE,ALEXANDER,MĘŻCZYZNA,4
12,MAŁOPOLSKIE,ALFRED,MĘŻCZYZNA,4
12,MAŁOPOLSKIE,BERNARD,MĘŻCZYZNA,4
12,MAŁOPOLSKIE,JULIUSZ,MĘŻCZYZNA,4
12,MAŁOPOLSKIE,KUBA,MĘŻCZYZNA,4
12,MAŁOPOLSKIE,LESŁAW,MĘŻCZYZNA,4
12,MAŁOPOLSKIE,LEW,MĘŻCZYZNA,4
12,MAŁOPOLSKIE,LUCJAN,MĘŻCZYZNA,4
12,MAŁOPOLSKIE,MAURYCY,MĘŻCZYZNA,4
12,MAŁOPOLSKIE,ROCH,MĘŻCZYZNA,4
12,MAŁOPOLSKIE,SAMUEL,MĘŻCZYZNA,4
12,MAŁOPOLSKIE,WALENTY,MĘŻCZYZNA,4
12,MAŁOPOLSKIE,WIT,MĘŻCZYZNA,4
12,MAŁOPOLSKIE,AARON,MĘŻCZYZNA,3
12,MAŁOPOLSKIE,ALBIN,MĘŻCZYZNA,3
12,MAŁOPOLSKIE,AMBROŻY,MĘŻCZYZNA,3
12,MAŁOPOLSKIE,ANTONIO,MĘŻCZYZNA,3
12,MAŁOPOLSKIE,AUGUST,MĘŻCZYZNA,3
12,MAŁOPOLSKIE,AURELIUSZ,MĘŻCZYZNA,3
12,MAŁOPOLSKIE,BRUNON,MĘŻCZYZNA,3
12,MAŁOPOLSKIE,CYPRIAN,MĘŻCZYZNA,3
12,MAŁOPOLSKIE,EDMUND,MĘŻCZYZNA,3
12,MAŁOPOLSKIE,JONASZ,MĘŻCZYZNA,3
12,MAŁOPOLSKIE,LEO,MĘŻCZYZNA,3
12,MAŁOPOLSKIE,LEOPOLD,MĘŻCZYZNA,3
12,MAŁOPOLSKIE,OLIVER,MĘŻCZYZNA,3
12,MAŁOPOLSKIE,THOMAS,MĘŻCZYZNA,3
12,MAŁOPOLSKIE,VINCENT,MĘŻCZYZNA,3
12,MAŁOPOLSKIE,WAWRZYNIEC,MĘŻCZYZNA,3
12,MAŁOPOLSKIE,ZIEMOWIT,MĘŻCZYZNA,3
12,MAŁOPOLSKIE,ARON,MĘŻCZYZNA,2
12,MAŁOPOLSKIE,BENIAMIN,MĘŻCZYZNA,2
12,MAŁOPOLSKIE,BENJAMIN,MĘŻCZYZNA,2
12,MAŁOPOLSKIE,CYRYL,MĘŻCZYZNA,2
12,MAŁOPOLSKIE,DAVID,MĘŻCZYZNA,2
12,MAŁOPOLSKIE,DIONIZY,MĘŻCZYZNA,2
12,MAŁOPOLSKIE,DORIAN,MĘŻCZYZNA,2
12,MAŁOPOLSKIE,FELICJAN,MĘŻCZYZNA,2
12,MAŁOPOLSKIE,GERALT,MĘŻCZYZNA,2
12,MAŁOPOLSKIE,GNIEWOMIR,MĘŻCZYZNA,2
12,MAŁOPOLSKIE,IWAN,MĘŻCZYZNA,2
12,MAŁOPOLSKIE,IZYDOR,MĘŻCZYZNA,2
12,MAŁOPOLSKIE,JAREMA,MĘŻCZYZNA,2
12,MAŁOPOLSKIE,JASON,MĘŻCZYZNA,2
12,MAŁOPOLSKIE,JEREMI,MĘŻCZYZNA,2
12,MAŁOPOLSKIE,JOACHIM,MĘŻCZYZNA,2
12,MAŁOPOLSKIE,JOSEPH,MĘŻCZYZNA,2
12,MAŁOPOLSKIE,JOZEF,MĘŻCZYZNA,2
12,MAŁOPOLSKIE,KASJAN,MĘŻCZYZNA,2
12,MAŁOPOLSKIE,KASPER,MĘŻCZYZNA,2
12,MAŁOPOLSKIE,KASPIAN,MĘŻCZYZNA,2
12,MAŁOPOLSKIE,LIAM,MĘŻCZYZNA,2
12,MAŁOPOLSKIE,LINUS,MĘŻCZYZNA,2
12,MAŁOPOLSKIE,LUCAS,MĘŻCZYZNA,2
12,MAŁOPOLSKIE,LUCJUSZ,MĘŻCZYZNA,2
12,MAŁOPOLSKIE,LUKAS,MĘŻCZYZNA,2
12,MAŁOPOLSKIE,MARTIN,MĘŻCZYZNA,2
12,MAŁOPOLSKIE,MATEO,MĘŻCZYZNA,2
12,MAŁOPOLSKIE,MATTHEW,MĘŻCZYZNA,2
12,MAŁOPOLSKIE,MELCHIOR,MĘŻCZYZNA,2
12,MAŁOPOLSKIE,MICHAEL,MĘŻCZYZNA,2
12,MAŁOPOLSKIE,NATANIEL,MĘŻCZYZNA,2
12,MAŁOPOLSKIE,OLEK,MĘŻCZYZNA,2
12,MAŁOPOLSKIE,OLIWER,MĘŻCZYZNA,2
12,MAŁOPOLSKIE,RAJMUND,MĘŻCZYZNA,2
12,MAŁOPOLSKIE,RUDOLF,MĘŻCZYZNA,2
12,MAŁOPOLSKIE,SAAD,MĘŻCZYZNA,2
12,MAŁOPOLSKIE,SZARBEL,MĘŻCZYZNA,2
12,MAŁOPOLSKIE,TEO,MĘŻCZYZNA,2
12,MAŁOPOLSKIE,TEOFIL,MĘŻCZYZNA,2
12,MAŁOPOLSKIE,TYTUS,MĘŻCZYZNA,2
12,MAŁOPOLSKIE,WILHELM,MĘŻCZYZNA,2
12,MAŁOPOLSKIE,WILLIAM,MĘŻCZYZNA,2
12,MAŁOPOLSKIE,ZACHARY,MĘŻCZYZNA,2
14,MAZOWIECKIE,,MĘŻCZYZNA,19652
14,MAZOWIECKIE,JAN,MĘŻCZYZNA,556
14,MAZOWIECKIE,PIOTR,MĘŻCZYZNA,264
14,MAZOWIECKIE,JÓZEF,MĘŻCZYZNA,238
14,MAZOWIECKIE,STANISŁAW,MĘŻCZYZNA,218
14,MAZOWIECKIE,ALEKSANDER,MĘŻCZYZNA,209
14,MAZOWIECKIE,MICHAŁ,MĘŻCZYZNA,180
14,MAZOWIECKIE,ADAM,MĘŻCZYZNA,170
14,MAZOWIECKIE,KRZYSZTOF,MĘŻCZYZNA,159
14,MAZOWIECKIE,JERZY,MĘŻCZYZNA,157
14,MAZOWIECKIE,ANTONI,MĘŻCZYZNA,150
14,MAZOWIECKIE,ANDRZEJ,MĘŻCZYZNA,142
14,MAZOWIECKIE,FRANCISZEK,MĘŻCZYZNA,137
14,MAZOWIECKIE,JAKUB,MĘŻCZYZNA,136
14,MAZOWIECKIE,PAWEŁ,MĘŻCZYZNA,133
14,MAZOWIECKIE,TADEUSZ,MĘŻCZYZNA,125
14,MAZOWIECKIE,MAREK,MĘŻCZYZNA,114
14,MAZOWIECKIE,TOMASZ,MĘŻCZYZNA,111
14,MAZOWIECKIE,KAZIMIERZ,MĘŻCZYZNA,103
14,MAZOWIECKIE,WOJCIECH,MĘŻCZYZNA,102
14,MAZOWIECKIE,HENRYK,MĘŻCZYZNA,89
14,MAZOWIECKIE,RYSZARD,MĘŻCZYZNA,82
14,MAZOWIECKIE,MACIEJ,MĘŻCZYZNA,79
14,MAZOWIECKIE,MIKOŁAJ,MĘŻCZYZNA,78
14,MAZOWIECKIE,IGNACY,MĘŻCZYZNA,76
14,MAZOWIECKIE,KAROL,MĘŻCZYZNA,70
14,MAZOWIECKIE,ŁUKASZ,MĘŻCZYZNA,69
14,MAZOWIECKIE,MARCIN,MĘŻCZYZNA,69
14,MAZOWIECKIE,WIKTOR,MĘŻCZYZNA,62
14,MAZOWIECKIE,GRZEGORZ,MĘŻCZYZNA,61
14,MAZOWIECKIE,MATEUSZ,MĘŻCZYZNA,59
14,MAZOWIECKIE,DARIUSZ,MĘŻCZYZNA,58
14,MAZOWIECKIE,FILIP,MĘŻCZYZNA,58
14,MAZOWIECKIE,ROBERT,MĘŻCZYZNA,57
14,MAZOWIECKIE,DOMINIK,MĘŻCZYZNA,56
14,MAZOWIECKIE,LEON,MĘŻCZYZNA,54
14,MAZOWIECKIE,GABRIEL,MĘŻCZYZNA,51
14,MAZOWIECKIE,ARTUR,MĘŻCZYZNA,50
14,MAZOWIECKIE,STEFAN,MĘŻCZYZNA,48
14,MAZOWIECKIE,KAMIL,MĘŻCZYZNA,46
14,MAZOWIECKIE,NIKODEM,MĘŻCZYZNA,46
14,MAZOWIECKIE,RAFAŁ,MĘŻCZYZNA,44
14,MAZOWIECKIE,JACEK,MĘŻCZYZNA,42
14,MAZOWIECKIE,JULIAN,MĘŻCZYZNA,42
14,MAZOWIECKIE,MAKSYMILIAN,MĘŻCZYZNA,41
14,MAZOWIECKIE,SZYMON,MĘŻCZYZNA,40
14,MAZOWIECKIE,WŁADYSŁAW,MĘŻCZYZNA,40
14,MAZOWIECKIE,EDWARD,MĘŻCZYZNA,39
14,MAZOWIECKIE,DANIEL,MĘŻCZYZNA,35
14,MAZOWIECKIE,ZBIGNIEW,MĘŻCZYZNA,35
14,MAZOWIECKIE,ROMAN,MĘŻCZYZNA,34
14,MAZOWIECKIE,JAROSŁAW,MĘŻCZYZNA,33
14,MAZOWIECKIE,DAWID,MĘŻCZYZNA,31
14,MAZOWIECKIE,GUSTAW,MĘŻCZYZNA,30
14,MAZOWIECKIE,JANUSZ,MĘŻCZYZNA,30
14,MAZOWIECKIE,FELIKS,MĘŻCZYZNA,29
14,MAZOWIECKIE,SŁAWOMIR,MĘŻCZYZNA,29
14,MAZOWIECKIE,KACPER,MĘŻCZYZNA,28
14,MAZOWIECKIE,OLIWIER,MĘŻCZYZNA,28
14,MAZOWIECKIE,BARTOSZ,MĘŻCZYZNA,27
14,MAZOWIECKIE,ZYGMUNT,MĘŻCZYZNA,27
14,MAZOWIECKIE,KONRAD,MĘŻCZYZNA,26
14,MAZOWIECKIE,PATRYK,MĘŻCZYZNA,26
14,MAZOWIECKIE,BARTŁOMIEJ,MĘŻCZYZNA,25
14,MAZOWIECKIE,LESZEK,MĘŻCZYZNA,25
14,MAZOWIECKIE,WITOLD,MĘŻCZYZNA,25
14,MAZOWIECKIE,KONSTANTY,MĘŻCZYZNA,24
14,MAZOWIECKIE,MARCEL,MĘŻCZYZNA,24
14,MAZOWIECKIE,ADRIAN,MĘŻCZYZNA,23
14,MAZOWIECKIE,MARIUSZ,MĘŻCZYZNA,23
14,MAZOWIECKIE,SEBASTIAN,MĘŻCZYZNA,23
14,MAZOWIECKIE,FRYDERYK,MĘŻCZYZNA,22
14,MAZOWIECKIE,MIROSŁAW,MĘŻCZYZNA,22
14,MAZOWIECKIE,WALDEMAR,MĘŻCZYZNA,22
14,MAZOWIECKIE,BRUNO,MĘŻCZYZNA,21
14,MAZOWIECKIE,LEONARD,MĘŻCZYZNA,21
14,MAZOWIECKIE,MIŁOSZ,MĘŻCZYZNA,21
14,MAZOWIECKIE,ALBERT,MĘŻCZYZNA,20
14,MAZOWIECKIE,CEZARY,MĘŻCZYZNA,20
14,MAZOWIECKIE,MARIAN,MĘŻCZYZNA,20
14,MAZOWIECKIE,OSKAR,MĘŻCZYZNA,20
14,MAZOWIECKIE,KSAWERY,MĘŻCZYZNA,17
14,MAZOWIECKIE,MIECZYSŁAW,MĘŻCZYZNA,17
14,MAZOWIECKIE,PRZEMYSŁAW,MĘŻCZYZNA,16
14,MAZOWIECKIE,TEODOR,MĘŻCZYZNA,16
14,MAZOWIECKIE,ARKADIUSZ,MĘŻCZYZNA,15
14,MAZOWIECKIE,EMIL,MĘŻCZYZNA,15
14,MAZOWIECKIE,RADOSŁAW,MĘŻCZYZNA,15
14,MAZOWIECKIE,WIESŁAW,MĘŻCZYZNA,15
14,MAZOWIECKIE,DAMIAN,MĘŻCZYZNA,14
14,MAZOWIECKIE,HUBERT,MĘŻCZYZNA,14
14,MAZOWIECKIE,BOGDAN,MĘŻCZYZNA,13
14,MAZOWIECKIE,BOGUSŁAW,MĘŻCZYZNA,13
14,MAZOWIECKIE,LEW,MĘŻCZYZNA,13
14,MAZOWIECKIE,TYMON,MĘŻCZYZNA,13
14,MAZOWIECKIE,CZESŁAW,MĘŻCZYZNA,12
14,MAZOWIECKIE,DAVID,MĘŻCZYZNA,12
14,MAZOWIECKIE,EDMUND,MĘŻCZYZNA,12
14,MAZOWIECKIE,JEREMI,MĘŻCZYZNA,12
14,MAZOWIECKIE,NATAN,MĘŻCZYZNA,12
14,MAZOWIECKIE,IGOR,MĘŻCZYZNA,11
14,MAZOWIECKIE,TYMOTEUSZ,MĘŻCZYZNA,11
14,MAZOWIECKIE,ZDZISŁAW,MĘŻCZYZNA,11
14,MAZOWIECKIE,ERYK,MĘŻCZYZNA,10
14,MAZOWIECKIE,EUGENIUSZ,MĘŻCZYZNA,10
14,MAZOWIECKIE,IRENEUSZ,MĘŻCZYZNA,10
14,MAZOWIECKIE,KOSMA,MĘŻCZYZNA,10
14,MAZOWIECKIE,MARIA,MĘŻCZYZNA,10
14,MAZOWIECKIE,SYLWESTER,MĘŻCZYZNA,10
14,MAZOWIECKIE,ALEXANDER,MĘŻCZYZNA,9
14,MAZOWIECKIE,KRYSTIAN,MĘŻCZYZNA,9
14,MAZOWIECKIE,LECH,MĘŻCZYZNA,9
14,MAZOWIECKIE,OLAF,MĘŻCZYZNA,9
14,MAZOWIECKIE,SAMUEL,MĘŻCZYZNA,9
14,MAZOWIECKIE,VINCENT,MĘŻCZYZNA,9
14,MAZOWIECKIE,ALAN,MĘŻCZYZNA,8
14,MAZOWIECKIE,BERNARD,MĘŻCZYZNA,8
14,MAZOWIECKIE,BOLESŁAW,MĘŻCZYZNA,8
14,MAZOWIECKIE,WINCENTY,MĘŻCZYZNA,8
14,MAZOWIECKIE,WŁODZIMIERZ,MĘŻCZYZNA,8
14,MAZOWIECKIE,BORYS,MĘŻCZYZNA,7
14,MAZOWIECKIE,JULIUSZ,MĘŻCZYZNA,7
14,MAZOWIECKIE,KAJETAN,MĘŻCZYZNA,7
14,MAZOWIECKIE,LUCJAN,MĘŻCZYZNA,7
14,MAZOWIECKIE,LUDWIK,MĘŻCZYZNA,7
14,MAZOWIECKIE,MILAN,MĘŻCZYZNA,7
14,MAZOWIECKIE,OLGIERD,MĘŻCZYZNA,7
14,MAZOWIECKIE,SEWERYN,MĘŻCZYZNA,7
14,MAZOWIECKIE,TOBIASZ,MĘŻCZYZNA,7
14,MAZOWIECKIE,AUGUST,MĘŻCZYZNA,6
14,MAZOWIECKIE,FABIAN,MĘŻCZYZNA,6
14,MAZOWIECKIE,FLORIAN,MĘŻCZYZNA,6
14,MAZOWIECKIE,LEOPOLD,MĘŻCZYZNA,6
14,MAZOWIECKIE,NORBERT,MĘŻCZYZNA,6
14,MAZOWIECKIE,ROCH,MĘŻCZYZNA,6
14,MAZOWIECKIE,SZCZEPAN,MĘŻCZYZNA,6
14,MAZOWIECKIE,ALEX,MĘŻCZYZNA,5
14,MAZOWIECKIE,ALFRED,MĘŻCZYZNA,5
14,MAZOWIECKIE,ALI,MĘŻCZYZNA,5
14,MAZOWIECKIE,BENIAMIN,MĘŻCZYZNA,5
14,MAZOWIECKIE,HIERONIM,MĘŻCZYZNA,5
14,MAZOWIECKIE,IWO,MĘŻCZYZNA,5
14,MAZOWIECKIE,JAMES,MĘŻCZYZNA,5
14,MAZOWIECKIE,JOACHIM,MĘŻCZYZNA,5
14,MAZOWIECKIE,AMADEUSZ,MĘŻCZYZNA,4
14,MAZOWIECKIE,ATANAZY,MĘŻCZYZNA,4
14,MAZOWIECKIE,BRONISŁAW,MĘŻCZYZNA,4
14,MAZOWIECKIE,EMANUEL,MĘŻCZYZNA,4
14,MAZOWIECKIE,ERNEST,MĘŻCZYZNA,4
14,MAZOWIECKIE,HEKTOR,MĘŻCZYZNA,4
14,MAZOWIECKIE,IVO,MĘŻCZYZNA,4
14,MAZOWIECKIE,KUBA,MĘŻCZYZNA,4
14,MAZOWIECKIE,LEO,MĘŻCZYZNA,4
14,MAZOWIECKIE,MAURYCY,MĘŻCZYZNA,4
14,MAZOWIECKIE,MICHAEL,MĘŻCZYZNA,4
14,MAZOWIECKIE,NATANIEL,MĘŻCZYZNA,4
14,MAZOWIECKIE,REMIGIUSZ,MĘŻCZYZNA,4
14,MAZOWIECKIE,WALENTY,MĘŻCZYZNA,4
14,MAZOWIECKIE,WINCENT,MĘŻCZYZNA,4
14,MAZOWIECKIE,AARON,MĘŻCZYZNA,3
14,MAZOWIECKIE,AHMED,MĘŻCZYZNA,3
14,MAZOWIECKIE,ALBIN,MĘŻCZYZNA,3
14,MAZOWIECKIE,ALEKS,MĘŻCZYZNA,3
14,MAZOWIECKIE,ALEKSY,MĘŻCZYZNA,3
14,MAZOWIECKIE,AURELIUSZ,MĘŻCZYZNA,3
14,MAZOWIECKIE,BENEDYKT,MĘŻCZYZNA,3
14,MAZOWIECKIE,BŁAŻEJ,MĘŻCZYZNA,3
14,MAZOWIECKIE,BOGUMIŁ,MĘŻCZYZNA,3
14,MAZOWIECKIE,BONIFACY,MĘŻCZYZNA,3
14,MAZOWIECKIE,CYPRIAN,MĘŻCZYZNA,3
14,MAZOWIECKIE,EMMANUEL,MĘŻCZYZNA,3
14,MAZOWIECKIE,FERDYNAND,MĘŻCZYZNA,3
14,MAZOWIECKIE,GNIEWKO,MĘŻCZYZNA,3
14,MAZOWIECKIE,HUGO,MĘŻCZYZNA,3
14,MAZOWIECKIE,KAI,MĘŻCZYZNA,3
14,MAZOWIECKIE,KEVIN,MĘŻCZYZNA,3
14,MAZOWIECKIE,KORNEL,MĘŻCZYZNA,3
14,MAZOWIECKIE,MAKS,MĘŻCZYZNA,3
14,MAZOWIECKIE,MARK,MĘŻCZYZNA,3
14,MAZOWIECKIE,MAX,MĘŻCZYZNA,3
14,MAZOWIECKIE,RAFAEL,MĘŻCZYZNA,3
14,MAZOWIECKIE,SYRIUSZ,MĘŻCZYZNA,3
14,MAZOWIECKIE,WALERY,MĘŻCZYZNA,3
14,MAZOWIECKIE,WAWRZYNIEC,MĘŻCZYZNA,3
14,MAZOWIECKIE,WILLIAM,MĘŻCZYZNA,3
14,MAZOWIECKIE,WIT,MĘŻCZYZNA,3
14,MAZOWIECKIE,AHMAD,MĘŻCZYZNA,2
14,MAZOWIECKIE,AMBROŻY,MĘŻCZYZNA,2
14,MAZOWIECKIE,ANDRII,MĘŻCZYZNA,2
14,MAZOWIECKIE,ANTHONY,MĘŻCZYZNA,2
14,MAZOWIECKIE,ARON,MĘŻCZYZNA,2
14,MAZOWIECKIE,AUGUSTYN,MĘŻCZYZNA,2
14,MAZOWIECKIE,BALTAZAR,MĘŻCZYZNA,2
14,MAZOWIECKIE,BASTIAN,MĘŻCZYZNA,2
14,MAZOWIECKIE,BENJAMIN,MĘŻCZYZNA,2
14,MAZOWIECKIE,BOŻYDAR,MĘŻCZYZNA,2
14,MAZOWIECKIE,BRUNON,MĘŻCZYZNA,2
14,MAZOWIECKIE,DIONIZY,MĘŻCZYZNA,2
14,MAZOWIECKIE,EMILIAN,MĘŻCZYZNA,2
14,MAZOWIECKIE,GERARD,MĘŻCZYZNA,2
14,MAZOWIECKIE,GNIEWOMIR,MĘŻCZYZNA,2
14,MAZOWIECKIE,HENRY,MĘŻCZYZNA,2
14,MAZOWIECKIE,HORACY,MĘŻCZYZNA,2
14,MAZOWIECKIE,IZAAK,MĘŻCZYZNA,2
14,MAZOWIECKIE,JACK,MĘŻCZYZNA,2
14,MAZOWIECKIE,JEREMIASZ,MĘŻCZYZNA,2
14,MAZOWIECKIE,JĘDRZEJ,MĘŻCZYZNA,2
14,MAZOWIECKIE,JUSTYN,MĘŻCZYZNA,2
14,MAZOWIECKIE,KASPIAN,MĘŻCZYZNA,2
14,MAZOWIECKIE,KEWIN,MĘŻCZYZNA,2
14,MAZOWIECKIE,KLAUDIUSZ,MĘŻCZYZNA,2
14,MAZOWIECKIE,LIAM,MĘŻCZYZNA,2
14,MAZOWIECKIE,LUCJUSZ,MĘŻCZYZNA,2
14,MAZOWIECKIE,LUIS,MĘŻCZYZNA,2
14,MAZOWIECKIE,LUKA,MĘŻCZYZNA,2
14,MAZOWIECKIE,MARCELI,MĘŻCZYZNA,2
14,MAZOWIECKIE,MARTIN,MĘŻCZYZNA,2
14,MAZOWIECKIE,MIŁOSŁAW,MĘŻCZYZNA,2
14,MAZOWIECKIE,OKTAWIAN,MĘŻCZYZNA,2
14,MAZOWIECKIE,OLIWER,MĘŻCZYZNA,2
14,MAZOWIECKIE,PASCAL,MĘŻCZYZNA,2
14,MAZOWIECKIE,PAUL,MĘŻCZYZNA,2
14,MAZOWIECKIE,PETER,MĘŻCZYZNA,2
14,MAZOWIECKIE,SAM,MĘŻCZYZNA,2
14,MAZOWIECKIE,SASZA,MĘŻCZYZNA,2
14,MAZOWIECKIE,SERGIUSZ,MĘŻCZYZNA,2
14,MAZOWIECKIE,SINGH,MĘŻCZYZNA,2
14,MAZOWIECKIE,STANISLAS,MĘŻCZYZNA,2
14,MAZOWIECKIE,TEO,MĘŻCZYZNA,2
14,MAZOWIECKIE,TEOFIL,MĘŻCZYZNA,2
14,MAZOWIECKIE,TYTUS,MĘŻCZYZNA,2
14,MAZOWIECKIE,VIKTOR,MĘŻCZYZNA,2
14,MAZOWIECKIE,WACŁAW,MĘŻCZYZNA,2
14,MAZOWIECKIE,WILHELM,MĘŻCZYZNA,2
14,MAZOWIECKIE,XAWERY,MĘŻCZYZNA,2
14,MAZOWIECKIE,ZENON,MĘŻCZYZNA,2
14,MAZOWIECKIE,ZYGFRYD,MĘŻCZYZNA,2
16,OPOLSKIE,,MĘŻCZYZNA,940
16,OPOLSKIE,JAN,MĘŻCZYZNA,198
16,OPOLSKIE,PIOTR,MĘŻCZYZNA,133
16,OPOLSKIE,JÓZEF,MĘŻCZYZNA,93
16,OPOLSKIE,FRANCISZEK,MĘŻCZYZNA,78
16,OPOLSKIE,PAWEŁ,MĘŻCZYZNA,73
16,OPOLSKIE,MICHAŁ,MĘŻCZYZNA,71
16,OPOLSKIE,TOMASZ,MĘŻCZYZNA,65
16,OPOLSKIE,KRZYSZTOF,MĘŻCZYZNA,63
16,OPOLSKIE,STANISŁAW,MĘŻCZYZNA,60
16,OPOLSKIE,ADAM,MĘŻCZYZNA,55
16,OPOLSKIE,JAKUB,MĘŻCZYZNA,55
16,OPOLSKIE,ANTONI,MĘŻCZYZNA,52
16,OPOLSKIE,ANDRZEJ,MĘŻCZYZNA,50
16,OPOLSKIE,ŁUKASZ,MĘŻCZYZNA,48
16,OPOLSKIE,MATEUSZ,MĘŻCZYZNA,46
16,OPOLSKIE,MAREK,MĘŻCZYZNA,43
16,OPOLSKIE,ALEKSANDER,MĘŻCZYZNA,42
16,OPOLSKIE,DAWID,MĘŻCZYZNA,41
16,OPOLSKIE,KAROL,MĘŻCZYZNA,37
16,OPOLSKIE,WOJCIECH,MĘŻCZYZNA,36
16,OPOLSKIE,JERZY,MĘŻCZYZNA,34
16,OPOLSKIE,MARCIN,MĘŻCZYZNA,34
16,OPOLSKIE,TADEUSZ,MĘŻCZYZNA,34
16,OPOLSKIE,MIKOŁAJ,MĘŻCZYZNA,33
16,OPOLSKIE,GRZEGORZ,MĘŻCZYZNA,32
16,OPOLSKIE,HENRYK,MĘŻCZYZNA,31
16,OPOLSKIE,SZYMON,MĘŻCZYZNA,25
16,OPOLSKIE,KAMIL,MĘŻCZYZNA,24
16,OPOLSKIE,LEON,MĘŻCZYZNA,23
16,OPOLSKIE,MAKSYMILIAN,MĘŻCZYZNA,22
16,OPOLSKIE,ARTUR,MĘŻCZYZNA,21
16,OPOLSKIE,KAZIMIERZ,MĘŻCZYZNA,21
16,OPOLSKIE,RAFAŁ,MĘŻCZYZNA,21
16,OPOLSKIE,IGNACY,MĘŻCZYZNA,20
16,OPOLSKIE,MARIUSZ,MĘŻCZYZNA,20
16,OPOLSKIE,FILIP,MĘŻCZYZNA,19
16,OPOLSKIE,RYSZARD,MĘŻCZYZNA,19
16,OPOLSKIE,WIKTOR,MĘŻCZYZNA,19
16,OPOLSKIE,DAMIAN,MĘŻCZYZNA,18
16,OPOLSKIE,GABRIEL,MĘŻCZYZNA,18
16,OPOLSKIE,MACIEJ,MĘŻCZYZNA,17
16,OPOLSKIE,DOMINIK,MĘŻCZYZNA,16
16,OPOLSKIE,PATRYK,MĘŻCZYZNA,16
16,OPOLSKIE,ROBERT,MĘŻCZYZNA,16
16,OPOLSKIE,ROMAN,MĘŻCZYZNA,16
16,OPOLSKIE,SEBASTIAN,MĘŻCZYZNA,15
16,OPOLSKIE,ADRIAN,MĘŻCZYZNA,14
16,OPOLSKIE,DANIEL,MĘŻCZYZNA,14
16,OPOLSKIE,DARIUSZ,MĘŻCZYZNA,14
16,OPOLSKIE,EDWARD,MĘŻCZYZNA,14
16,OPOLSKIE,FLORIAN,MĘŻCZYZNA,14
16,OPOLSKIE,MARCEL,MĘŻCZYZNA,14
16,OPOLSKIE,HUBERT,MĘŻCZYZNA,13
16,OPOLSKIE,KACPER,MĘŻCZYZNA,13
16,OPOLSKIE,ZBIGNIEW,MĘŻCZYZNA,13
16,OPOLSKIE,JANUSZ,MĘŻCZYZNA,12
16,OPOLSKIE,MIROSŁAW,MĘŻCZYZNA,12
16,OPOLSKIE,NIKODEM,MĘŻCZYZNA,12
16,OPOLSKIE,SŁAWOMIR,MĘŻCZYZNA,12
16,OPOLSKIE,KRYSTIAN,MĘŻCZYZNA,11
16,OPOLSKIE,WIESŁAW,MĘŻCZYZNA,11
16,OPOLSKIE,JACEK,MĘŻCZYZNA,10
16,OPOLSKIE,MARIAN,MĘŻCZYZNA,10
16,OPOLSKIE,NORBERT,MĘŻCZYZNA,10
16,OPOLSKIE,STEFAN,MĘŻCZYZNA,10
16,OPOLSKIE,BARTOSZ,MĘŻCZYZNA,9
16,OPOLSKIE,JAROSŁAW,MĘŻCZYZNA,9
16,OPOLSKIE,JOACHIM,MĘŻCZYZNA,9
16,OPOLSKIE,KSAWERY,MĘŻCZYZNA,9
16,OPOLSKIE,MIŁOSZ,MĘŻCZYZNA,9
16,OPOLSKIE,WŁADYSŁAW,MĘŻCZYZNA,9
16,OPOLSKIE,BRUNO,MĘŻCZYZNA,8
16,OPOLSKIE,JULIAN,MĘŻCZYZNA,8
16,OPOLSKIE,WALDEMAR,MĘŻCZYZNA,8
16,OPOLSKIE,CZESŁAW,MĘŻCZYZNA,7
16,OPOLSKIE,KONRAD,MĘŻCZYZNA,7
16,OPOLSKIE,NATAN,MĘŻCZYZNA,7
16,OPOLSKIE,OLIWIER,MĘŻCZYZNA,7
16,OPOLSKIE,OSKAR,MĘŻCZYZNA,7
16,OPOLSKIE,ARKADIUSZ,MĘŻCZYZNA,6
16,OPOLSKIE,BARTŁOMIEJ,MĘŻCZYZNA,6
16,OPOLSKIE,BOGUSŁAW,MĘŻCZYZNA,6
16,OPOLSKIE,FABIAN,MĘŻCZYZNA,6
16,OPOLSKIE,MARTIN,MĘŻCZYZNA,6
16,OPOLSKIE,MIECZYSŁAW,MĘŻCZYZNA,6
16,OPOLSKIE,MILAN,MĘŻCZYZNA,6
16,OPOLSKIE,RADOSŁAW,MĘŻCZYZNA,6
16,OPOLSKIE,BERNARD,MĘŻCZYZNA,5
16,OPOLSKIE,BOLESŁAW,MĘŻCZYZNA,5
16,OPOLSKIE,EMIL,MĘŻCZYZNA,5
16,OPOLSKIE,ERYK,MĘŻCZYZNA,5
16,OPOLSKIE,IGOR,MĘŻCZYZNA,5
16,OPOLSKIE,KLAUDIUSZ,MĘŻCZYZNA,5
16,OPOLSKIE,LESZEK,MĘŻCZYZNA,5
16,OPOLSKIE,ROCH,MĘŻCZYZNA,5
16,OPOLSKIE,TEODOR,MĘŻCZYZNA,5
16,OPOLSKIE,TYMON,MĘŻCZYZNA,5
16,OPOLSKIE,ZYGMUNT,MĘŻCZYZNA,5
16,OPOLSKIE,ALEXANDER,MĘŻCZYZNA,4
16,OPOLSKIE,BŁAŻEJ,MĘŻCZYZNA,4
16,OPOLSKIE,BOGDAN,MĘŻCZYZNA,4
16,OPOLSKIE,BRONISŁAW,MĘŻCZYZNA,4
16,OPOLSKIE,LEONARD,MĘŻCZYZNA,4
16,OPOLSKIE,LUCJAN,MĘŻCZYZNA,4
16,OPOLSKIE,LUDWIK,MĘŻCZYZNA,4
16,OPOLSKIE,PRZEMYSŁAW,MĘŻCZYZNA,4
16,OPOLSKIE,TYMOTEUSZ,MĘŻCZYZNA,4
16,OPOLSKIE,WINCENTY,MĘŻCZYZNA,4
16,OPOLSKIE,ALAN,MĘŻCZYZNA,3
16,OPOLSKIE,ALOJZY,MĘŻCZYZNA,3
16,OPOLSKIE,AMADEUSZ,MĘŻCZYZNA,3
16,OPOLSKIE,BOGUMIŁ,MĘŻCZYZNA,3
16,OPOLSKIE,CEZARY,MĘŻCZYZNA,3
16,OPOLSKIE,CYPRIAN,MĘŻCZYZNA,3
16,OPOLSKIE,ERWIN,MĘŻCZYZNA,3
16,OPOLSKIE,IRENEUSZ,MĘŻCZYZNA,3
16,OPOLSKIE,KAJETAN,MĘŻCZYZNA,3
16,OPOLSKIE,MIESZKO,MĘŻCZYZNA,3
16,OPOLSKIE,OLIVIER,MĘŻCZYZNA,3
16,OPOLSKIE,RAJMUND,MĘŻCZYZNA,3
16,OPOLSKIE,SYLWESTER,MĘŻCZYZNA,3
16,OPOLSKIE,SZCZEPAN,MĘŻCZYZNA,3
16,OPOLSKIE,TOBIASZ,MĘŻCZYZNA,3
16,OPOLSKIE,WITOLD,MĘŻCZYZNA,3
16,OPOLSKIE,ALEKS,MĘŻCZYZNA,2
16,OPOLSKIE,ALFRED,MĘŻCZYZNA,2
16,OPOLSKIE,ARNOLD,MĘŻCZYZNA,2
16,OPOLSKIE,AUGUSTYN,MĘŻCZYZNA,2
16,OPOLSKIE,BENEDYKT,MĘŻCZYZNA,2
16,OPOLSKIE,DENIS,MĘŻCZYZNA,2
16,OPOLSKIE,EDMUND,MĘŻCZYZNA,2
16,OPOLSKIE,FELIKS,MĘŻCZYZNA,2
16,OPOLSKIE,GNIEWOMIR,MĘŻCZYZNA,2
16,OPOLSKIE,IZYDOR,MĘŻCZYZNA,2
16,OPOLSKIE,JEREMIASZ,MĘŻCZYZNA,2
16,OPOLSKIE,KUBA,MĘŻCZYZNA,2
16,OPOLSKIE,MAURYCY,MĘŻCZYZNA,2
16,OPOLSKIE,MICHAEL,MĘŻCZYZNA,2
16,OPOLSKIE,OLAF,MĘŻCZYZNA,2
16,OPOLSKIE,OLGIERD,MĘŻCZYZNA,2
16,OPOLSKIE,RUDOLF,MĘŻCZYZNA,2
16,OPOLSKIE,SAMUEL,MĘŻCZYZNA,2
16,OPOLSKIE,VINCENT,MĘŻCZYZNA,2
16,OPOLSKIE,WACŁAW,MĘŻCZYZNA,2
16,OPOLSKIE,WILHELM,MĘŻCZYZNA,2
16,OPOLSKIE,WŁODZIMIERZ,MĘŻCZYZNA,2
16,OPOLSKIE,ZDZISŁAW,MĘŻCZYZNA,2
16,OPOLSKIE,ZENON,MĘŻCZYZNA,2
18,PODKARPACKIE,,MĘŻCZYZNA,4764
18,PODKARPACKIE,JAN,MĘŻCZYZNA,484
18,PODKARPACKIE,STANISŁAW,MĘŻCZYZNA,235
18,PODKARPACKIE,JÓZEF,MĘŻCZYZNA,228
18,PODKARPACKIE,PIOTR,MĘŻCZYZNA,186
18,PODKARPACKIE,ANDRZEJ,MĘŻCZYZNA,123
18,PODKARPACKIE,FRANCISZEK,MĘŻCZYZNA,118
18,PODKARPACKIE,MICHAŁ,MĘŻCZYZNA,114
18,PODKARPACKIE,JAKUB,MĘŻCZYZNA,110
18,PODKARPACKIE,ANTONI,MĘŻCZYZNA,106
18,PODKARPACKIE,ALEKSANDER,MĘŻCZYZNA,99
18,PODKARPACKIE,KRZYSZTOF,MĘŻCZYZNA,98
18,PODKARPACKIE,PAWEŁ,MĘŻCZYZNA,97
18,PODKARPACKIE,TADEUSZ,MĘŻCZYZNA,90
18,PODKARPACKIE,TOMASZ,MĘŻCZYZNA,85
18,PODKARPACKIE,ADAM,MĘŻCZYZNA,81
18,PODKARPACKIE,WOJCIECH,MĘŻCZYZNA,77
18,PODKARPACKIE,KAZIMIERZ,MĘŻCZYZNA,66
18,PODKARPACKIE,MAREK,MĘŻCZYZNA,63
18,PODKARPACKIE,MATEUSZ,MĘŻCZYZNA,59
18,PODKARPACKIE,SZYMON,MĘŻCZYZNA,57
18,PODKARPACKIE,ŁUKASZ,MĘŻCZYZNA,51
18,PODKARPACKIE,KAROL,MĘŻCZYZNA,49
18,PODKARPACKIE,MIKOŁAJ,MĘŻCZYZNA,49
18,PODKARPACKIE,GABRIEL,MĘŻCZYZNA,46
18,PODKARPACKIE,MAKSYMILIAN,MĘŻCZYZNA,42
18,PODKARPACKIE,IGNACY,MĘŻCZYZNA,41
18,PODKARPACKIE,KACPER,MĘŻCZYZNA,40
18,PODKARPACKIE,DAWID,MĘŻCZYZNA,36
18,PODKARPACKIE,WIKTOR,MĘŻCZYZNA,36
18,PODKARPACKIE,DOMINIK,MĘŻCZYZNA,34
18,PODKARPACKIE,FILIP,MĘŻCZYZNA,34
18,PODKARPACKIE,HENRYK,MĘŻCZYZNA,34
18,PODKARPACKIE,JERZY,MĘŻCZYZNA,34
18,PODKARPACKIE,GRZEGORZ,MĘŻCZYZNA,33
18,PODKARPACKIE,LEON,MĘŻCZYZNA,32
18,PODKARPACKIE,RYSZARD,MĘŻCZYZNA,32
18,PODKARPACKIE,KAMIL,MĘŻCZYZNA,31
18,PODKARPACKIE,NIKODEM,MĘŻCZYZNA,31
18,PODKARPACKIE,ZBIGNIEW,MĘŻCZYZNA,31
18,PODKARPACKIE,DAMIAN,MĘŻCZYZNA,30
18,PODKARPACKIE,EDWARD,MĘŻCZYZNA,30
18,PODKARPACKIE,MACIEJ,MĘŻCZYZNA,30
18,PODKARPACKIE,MARCIN,MĘŻCZYZNA,30
18,PODKARPACKIE,ARTUR,MĘŻCZYZNA,27
18,PODKARPACKIE,RAFAŁ,MĘŻCZYZNA,27
18,PODKARPACKIE,BARTŁOMIEJ,MĘŻCZYZNA,26
18,PODKARPACKIE,JULIAN,MĘŻCZYZNA,26
18,PODKARPACKIE,PATRYK,MĘŻCZYZNA,26
18,PODKARPACKIE,MARIAN,MĘŻCZYZNA,25
18,PODKARPACKIE,WŁADYSŁAW,MĘŻCZYZNA,25
18,PODKARPACKIE,WIESŁAW,MĘŻCZYZNA,24
18,PODKARPACKIE,DARIUSZ,MĘŻCZYZNA,22
18,PODKARPACKIE,HUBERT,MĘŻCZYZNA,22
18,PODKARPACKIE,MIŁOSZ,MĘŻCZYZNA,22
18,PODKARPACKIE,ROBERT,MĘŻCZYZNA,21
18,PODKARPACKIE,BOGUSŁAW,MĘŻCZYZNA,19
18,PODKARPACKIE,MARIUSZ,MĘŻCZYZNA,19
18,PODKARPACKIE,MIECZYSŁAW,MĘŻCZYZNA,19
18,PODKARPACKIE,ROMAN,MĘŻCZYZNA,19
18,PODKARPACKIE,SEBASTIAN,MĘŻCZYZNA,19
18,PODKARPACKIE,JANUSZ,MĘŻCZYZNA,16
18,PODKARPACKIE,KSAWERY,MĘŻCZYZNA,15
18,PODKARPACKIE,OLIWIER,MĘŻCZYZNA,15
18,PODKARPACKIE,ZYGMUNT,MĘŻCZYZNA,15
18,PODKARPACKIE,EMIL,MĘŻCZYZNA,14
18,PODKARPACKIE,ADRIAN,MĘŻCZYZNA,13
18,PODKARPACKIE,FLORIAN,MĘŻCZYZNA,13
18,PODKARPACKIE,JACEK,MĘŻCZYZNA,13
18,PODKARPACKIE,STEFAN,MĘŻCZYZNA,13
18,PODKARPACKIE,ARKADIUSZ,MĘŻCZYZNA,12
18,PODKARPACKIE,KRYSTIAN,MĘŻCZYZNA,12
18,PODKARPACKIE,MIROSŁAW,MĘŻCZYZNA,12
18,PODKARPACKIE,BARTOSZ,MĘŻCZYZNA,11
18,PODKARPACKIE,DANIEL,MĘŻCZYZNA,11
18,PODKARPACKIE,TYMOTEUSZ,MĘŻCZYZNA,11
18,PODKARPACKIE,FELIKS,MĘŻCZYZNA,10
18,PODKARPACKIE,MARCEL,MĘŻCZYZNA,10
18,PODKARPACKIE,BRONISŁAW,MĘŻCZYZNA,9
18,PODKARPACKIE,EUGENIUSZ,MĘŻCZYZNA,9
18,PODKARPACKIE,KORNEL,MĘŻCZYZNA,9
18,PODKARPACKIE,BOLESŁAW,MĘŻCZYZNA,8
18,PODKARPACKIE,FABIAN,MĘŻCZYZNA,8
18,PODKARPACKIE,KONRAD,MĘŻCZYZNA,8
18,PODKARPACKIE,LESŁAW,MĘŻCZYZNA,8
18,PODKARPACKIE,PRZEMYSŁAW,MĘŻCZYZNA,8
18,PODKARPACKIE,BOGDAN,MĘŻCZYZNA,7
18,PODKARPACKIE,CZESŁAW,MĘŻCZYZNA,7
18,PODKARPACKIE,IGOR,MĘŻCZYZNA,7
18,PODKARPACKIE,OSKAR,MĘŻCZYZNA,7
18,PODKARPACKIE,SYLWESTER,MĘŻCZYZNA,7
18,PODKARPACKIE,TEODOR,MĘŻCZYZNA,7
18,PODKARPACKIE,WALDEMAR,MĘŻCZYZNA,7
18,PODKARPACKIE,WITOLD,MĘŻCZYZNA,7
18,PODKARPACKIE,ZDZISŁAW,MĘŻCZYZNA,7
18,PODKARPACKIE,ALAN,MĘŻCZYZNA,6
18,PODKARPACKIE,ALBERT,MĘŻCZYZNA,6
18,PODKARPACKIE,AUGUSTYN,MĘŻCZYZNA,6
18,PODKARPACKIE,KAJETAN,MĘŻCZYZNA,6
18,PODKARPACKIE,LUDWIK,MĘŻCZYZNA,6
18,PODKARPACKIE,OLAF,MĘŻCZYZNA,6
18,PODKARPACKIE,RADOSŁAW,MĘŻCZYZNA,6
18,PODKARPACKIE,SZCZEPAN,MĘŻCZYZNA,6
18,PODKARPACKIE,WINCENTY,MĘŻCZYZNA,6
18,PODKARPACKIE,EDMUND,MĘŻCZYZNA,5
18,PODKARPACKIE,ERYK,MĘŻCZYZNA,5
18,PODKARPACKIE,LESZEK,MĘŻCZYZNA,5
18,PODKARPACKIE,NATAN,MĘŻCZYZNA,5
18,PODKARPACKIE,NATANIEL,MĘŻCZYZNA,5
18,PODKARPACKIE,SEWERYN,MĘŻCZYZNA,5
18,PODKARPACKIE,TYMON,MĘŻCZYZNA,5
18,PODKARPACKIE,WACŁAW,MĘŻCZYZNA,5
18,PODKARPACKIE,WALENTY,MĘŻCZYZNA,5
18,PODKARPACKIE,ALEKS,MĘŻCZYZNA,4
18,PODKARPACKIE,BŁAŻEJ,MĘŻCZYZNA,4
18,PODKARPACKIE,DAVID,MĘŻCZYZNA,4
18,PODKARPACKIE,SŁAWOMIR,MĘŻCZYZNA,4
18,PODKARPACKIE,ALEXANDER,MĘŻCZYZNA,3
18,PODKARPACKIE,AUGUST,MĘŻCZYZNA,3
18,PODKARPACKIE,CEZARY,MĘŻCZYZNA,3
18,PODKARPACKIE,GNIEWOMIR,MĘŻCZYZNA,3
18,PODKARPACKIE,GRACJAN,MĘŻCZYZNA,3
18,PODKARPACKIE,JAROSŁAW,MĘŻCZYZNA,3
18,PODKARPACKIE,JOSEPH,MĘŻCZYZNA,3
18,PODKARPACKIE,KORDIAN,MĘŻCZYZNA,3
18,PODKARPACKIE,KUBA,MĘŻCZYZNA,3
18,PODKARPACKIE,LEO,MĘŻCZYZNA,3
18,PODKARPACKIE,LEONARD,MĘŻCZYZNA,3
18,PODKARPACKIE,OLIVIER,MĘŻCZYZNA,3
18,PODKARPACKIE,WENANTY,MĘŻCZYZNA,3
18,PODKARPACKIE,ALEKSY,MĘŻCZYZNA,2
18,PODKARPACKIE,ALFRED,MĘŻCZYZNA,2
18,PODKARPACKIE,BENJAMIN,MĘŻCZYZNA,2
18,PODKARPACKIE,BRAJAN,MĘŻCZYZNA,2
18,PODKARPACKIE,EMANUEL,MĘŻCZYZNA,2
18,PODKARPACKIE,GERARD,MĘŻCZYZNA,2
18,PODKARPACKIE,GNIEWKO,MĘŻCZYZNA,2
18,PODKARPACKIE,IRENEUSZ,MĘŻCZYZNA,2
18,PODKARPACKIE,IWO,MĘŻCZYZNA,2
18,PODKARPACKIE,JEREMIASZ,MĘŻCZYZNA,2
18,PODKARPACKIE,JULIUSZ,MĘŻCZYZNA,2
18,PODKARPACKIE,KAI,MĘŻCZYZNA,2
18,PODKARPACKIE,KEWIN,MĘŻCZYZNA,2
18,PODKARPACKIE,LECH,MĘŻCZYZNA,2
18,PODKARPACKIE,MAURYCY,MĘŻCZYZNA,2
18,PODKARPACKIE,MICHAEL,MĘŻCZYZNA,2
18,PODKARPACKIE,MIKOLAJ,MĘŻCZYZNA,2
18,PODKARPACKIE,OKTAWIAN,MĘŻCZYZNA,2
18,PODKARPACKIE,PAVLO,MĘŻCZYZNA,2
18,PODKARPACKIE,ROCH,MĘŻCZYZNA,2
18,PODKARPACKIE,SZARBEL,MĘŻCZYZNA,2
18,PODKARPACKIE,WAWRZYNIEC,MĘŻCZYZNA,2
18,PODKARPACKIE,ZENON,MĘŻCZYZNA,2
20,PODLASKIE,,MĘŻCZYZNA,4623
20,PODLASKIE,JAN,MĘŻCZYZNA,34
20,PODLASKIE,JÓZEF,MĘŻCZYZNA,17
20,PODLASKIE,PIOTR,MĘŻCZYZNA,13
20,PODLASKIE,ALEKSANDER,MĘŻCZYZNA,12
20,PODLASKIE,ANTONI,MĘŻCZYZNA,10
20,PODLASKIE,TADEUSZ,MĘŻCZYZNA,10
20,PODLASKIE,HENRYK,MĘŻCZYZNA,8
20,PODLASKIE,MICHAŁ,MĘŻCZYZNA,8
20,PODLASKIE,ADAM,MĘŻCZYZNA,7
20,PODLASKIE,KRZYSZTOF,MĘŻCZYZNA,6
20,PODLASKIE,MIKOŁAJ,MĘŻCZYZNA,6
20,PODLASKIE,PAWEŁ,MĘŻCZYZNA,6
20,PODLASKIE,ANDRZEJ,MĘŻCZYZNA,5
20,PODLASKIE,FRANCISZEK,MĘŻCZYZNA,5
20,PODLASKIE,KAZIMIERZ,MĘŻCZYZNA,5
20,PODLASKIE,STANISŁAW,MĘŻCZYZNA,5
20,PODLASKIE,GABRIEL,MĘŻCZYZNA,4
20,PODLASKIE,MAREK,MĘŻCZYZNA,4
20,PODLASKIE,WIKTOR,MĘŻCZYZNA,4
20,PODLASKIE,ZYGMUNT,MĘŻCZYZNA,4
20,PODLASKIE,ALEX,MĘŻCZYZNA,3
20,PODLASKIE,DAWID,MĘŻCZYZNA,3
20,PODLASKIE,DOMINIK,MĘŻCZYZNA,3
20,PODLASKIE,FILIP,MĘŻCZYZNA,3
20,PODLASKIE,JAKUB,MĘŻCZYZNA,3
20,PODLASKIE,JERZY,MĘŻCZYZNA,3
20,PODLASKIE,JULIAN,MĘŻCZYZNA,3
20,PODLASKIE,MACIEJ,MĘŻCZYZNA,3
20,PODLASKIE,NATAN,MĘŻCZYZNA,3
20,PODLASKIE,PATRYK,MĘŻCZYZNA,3
20,PODLASKIE,RYSZARD,MĘŻCZYZNA,3
20,PODLASKIE,WITOLD,MĘŻCZYZNA,3
20,PODLASKIE,WOJCIECH,MĘŻCZYZNA,3
20,PODLASKIE,ARTUR,MĘŻCZYZNA,2
20,PODLASKIE,GUSTAW,MĘŻCZYZNA,2
20,PODLASKIE,JACEK,MĘŻCZYZNA,2
20,PODLASKIE,LEON,MĘŻCZYZNA,2
20,PODLASKIE,LUCJAN,MĘŻCZYZNA,2
20,PODLASKIE,ŁUKASZ,MĘŻCZYZNA,2
20,PODLASKIE,MAKSYMILIAN,MĘŻCZYZNA,2
20,PODLASKIE,MARCIN,MĘŻCZYZNA,2
20,PODLASKIE,MIECZYSŁAW,MĘŻCZYZNA,2
20,PODLASKIE,NIKODEM,MĘŻCZYZNA,2
20,PODLASKIE,OLIWIER,MĘŻCZYZNA,2
20,PODLASKIE,RADOSŁAW,MĘŻCZYZNA,2
20,PODLASKIE,RAFAEL,MĘŻCZYZNA,2
20,PODLASKIE,SEBASTIAN,MĘŻCZYZNA,2
20,PODLASKIE,STEFAN,MĘŻCZYZNA,2
20,PODLASKIE,TOMASZ,MĘŻCZYZNA,2
20,PODLASKIE,WALDEMAR,MĘŻCZYZNA,2
22,POMORSKIE,,MĘŻCZYZNA,5585
22,POMORSKIE,JAN,MĘŻCZYZNA,324
22,POMORSKIE,PIOTR,MĘŻCZYZNA,226
22,POMORSKIE,MICHAŁ,MĘŻCZYZNA,140
22,POMORSKIE,JÓZEF,MĘŻCZYZNA,139
22,POMORSKIE,PAWEŁ,MĘŻCZYZNA,138
22,POMORSKIE,ANDRZEJ,MĘŻCZYZNA,137
22,POMORSKIE,KRZYSZTOF,MĘŻCZYZNA,135
22,POMORSKIE,STANISŁAW,MĘŻCZYZNA,119
22,POMORSKIE,FRANCISZEK,MĘŻCZYZNA,109
22,POMORSKIE,TOMASZ,MĘŻCZYZNA,105
22,POMORSKIE,MATEUSZ,MĘŻCZYZNA,102
22,POMORSKIE,ADAM,MĘŻCZYZNA,101
22,POMORSKIE,ŁUKASZ,MĘŻCZYZNA,97
22,POMORSKIE,JAKUB,MĘŻCZYZNA,96
22,POMORSKIE,ALEKSANDER,MĘŻCZYZNA,93
22,POMORSKIE,MAREK,MĘŻCZYZNA,93
22,POMORSKIE,WOJCIECH,MĘŻCZYZNA,88
22,POMORSKIE,KAZIMIERZ,MĘŻCZYZNA,86
22,POMORSKIE,HENRYK,MĘŻCZYZNA,82
22,POMORSKIE,ANTONI,MĘŻCZYZNA,81
22,POMORSKIE,JERZY,MĘŻCZYZNA,80
22,POMORSKIE,MARCIN,MĘŻCZYZNA,79
22,POMORSKIE,TADEUSZ,MĘŻCZYZNA,70
22,POMORSKIE,LEON,MĘŻCZYZNA,66
22,POMORSKIE,GRZEGORZ,MĘŻCZYZNA,63
22,POMORSKIE,DAWID,MĘŻCZYZNA,60
22,POMORSKIE,SZYMON,MĘŻCZYZNA,59
22,POMORSKIE,KAROL,MĘŻCZYZNA,55
22,POMORSKIE,RYSZARD,MĘŻCZYZNA,51
22,POMORSKIE,ZBIGNIEW,MĘŻCZYZNA,51
22,POMORSKIE,RAFAŁ,MĘŻCZYZNA,49
22,POMORSKIE,MACIEJ,MĘŻCZYZNA,48
22,POMORSKIE,PATRYK,MĘŻCZYZNA,47
22,POMORSKIE,MARIUSZ,MĘŻCZYZNA,46
22,POMORSKIE,MIKOŁAJ,MĘŻCZYZNA,46
22,POMORSKIE,KAMIL,MĘŻCZYZNA,44
22,POMORSKIE,MAKSYMILIAN,MĘŻCZYZNA,44
22,POMORSKIE,DARIUSZ,MĘŻCZYZNA,41
22,POMORSKIE,DANIEL,MĘŻCZYZNA,39
22,POMORSKIE,KACPER,MĘŻCZYZNA,39
22,POMORSKIE,IGNACY,MĘŻCZYZNA,37
22,POMORSKIE,DOMINIK,MĘŻCZYZNA,35
22,POMORSKIE,FILIP,MĘŻCZYZNA,35
22,POMORSKIE,BARTOSZ,MĘŻCZYZNA,34
22,POMORSKIE,DAMIAN,MĘŻCZYZNA,33
22,POMORSKIE,JAROSŁAW,MĘŻCZYZNA,33
22,POMORSKIE,NIKODEM,MĘŻCZYZNA,33
22,POMORSKIE,SEBASTIAN,MĘŻCZYZNA,33
22,POMORSKIE,WŁADYSŁAW,MĘŻCZYZNA,32
22,POMORSKIE,ROBERT,MĘŻCZYZNA,31
22,POMORSKIE,ROMAN,MĘŻCZYZNA,31
22,POMORSKIE,WIKTOR,MĘŻCZYZNA,31
22,POMORSKIE,ARTUR,MĘŻCZYZNA,26
22,POMORSKIE,JACEK,MĘŻCZYZNA,26
22,POMORSKIE,PRZEMYSŁAW,MĘŻCZYZNA,26
22,POMORSKIE,ADRIAN,MĘŻCZYZNA,25
22,POMORSKIE,EDWARD,MĘŻCZYZNA,25
22,POMORSKIE,GABRIEL,MĘŻCZYZNA,25
22,POMORSKIE,LESZEK,MĘŻCZYZNA,25
22,POMORSKIE,MARIAN,MĘŻCZYZNA,25
22,POMORSKIE,SŁAWOMIR,MĘŻCZYZNA,24
22,POMORSKIE,KRYSTIAN,MĘŻCZYZNA,23
22,POMORSKIE,MIROSŁAW,MĘŻCZYZNA,23
22,POMORSKIE,STEFAN,MĘŻCZYZNA,23
22,POMORSKIE,BOGDAN,MĘŻCZYZNA,22
22,POMORSKIE,HUBERT,MĘŻCZYZNA,22
22,POMORSKIE,ARKADIUSZ,MĘŻCZYZNA,21
22,POMORSKIE,JANUSZ,MĘŻCZYZNA,21
22,POMORSKIE,BARTŁOMIEJ,MĘŻCZYZNA,20
22,POMORSKIE,MIECZYSŁAW,MĘŻCZYZNA,20
22,POMORSKIE,ZYGMUNT,MĘŻCZYZNA,19
22,POMORSKIE,CEZARY,MĘŻCZYZNA,18
22,POMORSKIE,OSKAR,MĘŻCZYZNA,18
22,POMORSKIE,RADOSŁAW,MĘŻCZYZNA,18
22,POMORSKIE,WALDEMAR,MĘŻCZYZNA,17
22,POMORSKIE,EDMUND,MĘŻCZYZNA,16
22,POMORSKIE,CZESŁAW,MĘŻCZYZNA,15
22,POMORSKIE,JULIAN,MĘŻCZYZNA,15
22,POMORSKIE,KONRAD,MĘŻCZYZNA,15
22,POMORSKIE,FELIKS,MĘŻCZYZNA,14
22,POMORSKIE,IGOR,MĘŻCZYZNA,14
22,POMORSKIE,MARCEL,MĘŻCZYZNA,14
22,POMORSKIE,WIESŁAW,MĘŻCZYZNA,14
22,POMORSKIE,EUGENIUSZ,MĘŻCZYZNA,13
22,POMORSKIE,BRUNON,MĘŻCZYZNA,12
22,POMORSKIE,OLIWIER,MĘŻCZYZNA,12
22,POMORSKIE,MIESZKO,MĘŻCZYZNA,11
22,POMORSKIE,MIŁOSZ,MĘŻCZYZNA,11
22,POMORSKIE,SYLWESTER,MĘŻCZYZNA,11
22,POMORSKIE,WITOLD,MĘŻCZYZNA,11
22,POMORSKIE,ZDZISŁAW,MĘŻCZYZNA,11
22,POMORSKIE,SEWERYN,MĘŻCZYZNA,9
22,POMORSKIE,TEODOR,MĘŻCZYZNA,9
22,POMORSKIE,ALBERT,MĘŻCZYZNA,8
22,POMORSKIE,BERNARD,MĘŻCZYZNA,8
22,POMORSKIE,BŁAŻEJ,MĘŻCZYZNA,8
22,POMORSKIE,BOGUSŁAW,MĘŻCZYZNA,8
22,POMORSKIE,BOLESŁAW,MĘŻCZYZNA,8
22,POMORSKIE,BRONISŁAW,MĘŻCZYZNA,8
22,POMORSKIE,FLORIAN,MĘŻCZYZNA,8
22,POMORSKIE,GUSTAW,MĘŻCZYZNA,8
22,POMORSKIE,LUDWIK,MĘŻCZYZNA,8
22,POMORSKIE,ZENON,MĘŻCZYZNA,8
22,POMORSKIE,KAJETAN,MĘŻCZYZNA,7
22,POMORSKIE,LEO,MĘŻCZYZNA,7
22,POMORSKIE,TYMON,MĘŻCZYZNA,7
22,POMORSKIE,GRACJAN,MĘŻCZYZNA,6
22,POMORSKIE,LEONARD,MĘŻCZYZNA,6
22,POMORSKIE,OLAF,MĘŻCZYZNA,6
22,POMORSKIE,REMIGIUSZ,MĘŻCZYZNA,6
22,POMORSKIE,WACŁAW,MĘŻCZYZNA,6
22,POMORSKIE,ALEXANDER,MĘŻCZYZNA,5
22,POMORSKIE,BRUNO,MĘŻCZYZNA,5
22,POMORSKIE,EMIL,MĘŻCZYZNA,5
22,POMORSKIE,FABIAN,MĘŻCZYZNA,5
22,POMORSKIE,IRENEUSZ,MĘŻCZYZNA,5
22,POMORSKIE,JOACHIM,MĘŻCZYZNA,5
22,POMORSKIE,KONSTANTY,MĘŻCZYZNA,5
22,POMORSKIE,KORDIAN,MĘŻCZYZNA,5
22,POMORSKIE,KORNEL,MĘŻCZYZNA,5
22,POMORSKIE,LECH,MĘŻCZYZNA,5
22,POMORSKIE,MARIA,MĘŻCZYZNA,5
22,POMORSKIE,SAMUEL,MĘŻCZYZNA,5
22,POMORSKIE,ALAN,MĘŻCZYZNA,4
22,POMORSKIE,ALOJZY,MĘŻCZYZNA,4
22,POMORSKIE,AUGUSTYN,MĘŻCZYZNA,4
22,POMORSKIE,ERYK,MĘŻCZYZNA,4
22,POMORSKIE,KSAWERY,MĘŻCZYZNA,4
22,POMORSKIE,NATAN,MĘŻCZYZNA,4
22,POMORSKIE,RAGNAR,MĘŻCZYZNA,4
22,POMORSKIE,ROMUALD,MĘŻCZYZNA,4
22,POMORSKIE,SZCZEPAN,MĘŻCZYZNA,4
22,POMORSKIE,TOBIASZ,MĘŻCZYZNA,4
22,POMORSKIE,TYMOTEUSZ,MĘŻCZYZNA,4
22,POMORSKIE,BENEDYKT,MĘŻCZYZNA,3
22,POMORSKIE,BJÖRN,MĘŻCZYZNA,3
22,POMORSKIE,BORYS,MĘŻCZYZNA,3
22,POMORSKIE,CYPRIAN,MĘŻCZYZNA,3
22,POMORSKIE,DAVID,MĘŻCZYZNA,3
22,POMORSKIE,DORIAN,MĘŻCZYZNA,3
22,POMORSKIE,KRZESIMIR,MĘŻCZYZNA,3
22,POMORSKIE,KUBA,MĘŻCZYZNA,3
22,POMORSKIE,LEW,MĘŻCZYZNA,3
22,POMORSKIE,LUCJAN,MĘŻCZYZNA,3
22,POMORSKIE,NATANIEL,MĘŻCZYZNA,3
22,POMORSKIE,NORBERT,MĘŻCZYZNA,3
22,POMORSKIE,ROCH,MĘŻCZYZNA,3
22,POMORSKIE,SERAFIN,MĘŻCZYZNA,3
22,POMORSKIE,TYTUS,MĘŻCZYZNA,3
22,POMORSKIE,WALENTY,MĘŻCZYZNA,3
22,POMORSKIE,WINCENTY,MĘŻCZYZNA,3
22,POMORSKIE,AIDAN,MĘŻCZYZNA,2
22,POMORSKIE,ALEKSY,MĘŻCZYZNA,2
22,POMORSKIE,ALEX,MĘŻCZYZNA,2
22,POMORSKIE,AMBROŻY,MĘŻCZYZNA,2
22,POMORSKIE,ARIEL,MĘŻCZYZNA,2
22,POMORSKIE,BALTAZAR,MĘŻCZYZNA,2
22,POMORSKIE,BARTEK,MĘŻCZYZNA,2
22,POMORSKIE,BENIAMIN,MĘŻCZYZNA,2
22,POMORSKIE,BOGUMIŁ,MĘŻCZYZNA,2
22,POMORSKIE,BOHDAN,MĘŻCZYZNA,2
22,POMORSKIE,BOŻYDAR,MĘŻCZYZNA,2
22,POMORSKIE,DMYTRO,MĘŻCZYZNA,2
22,POMORSKIE,EMILIAN,MĘŻCZYZNA,2
22,POMORSKIE,EMMANUEL,MĘŻCZYZNA,2
22,POMORSKIE,FELIX,MĘŻCZYZNA,2
22,POMORSKIE,FREDERIK,MĘŻCZYZNA,2
22,POMORSKIE,GERARD,MĘŻCZYZNA,2
22,POMORSKIE,GNIEWKO,MĘŻCZYZNA,2
22,POMORSKIE,HERBERT,MĘŻCZYZNA,2
22,POMORSKIE,HIERONIM,MĘŻCZYZNA,2
22,POMORSKIE,IWO,MĘŻCZYZNA,2
22,POMORSKIE,JACOB,MĘŻCZYZNA,2
22,POMORSKIE,JAROMIR,MĘŻCZYZNA,2
22,POMORSKIE,JOHAN,MĘŻCZYZNA,2
22,POMORSKIE,JONATAN,MĘŻCZYZNA,2
22,POMORSKIE,JULIUSZ,MĘŻCZYZNA,2
22,POMORSKIE,KLEMENS,MĘŻCZYZNA,2
22,POMORSKIE,KONSTANTYN,MĘŻCZYZNA,2
22,POMORSKIE,LUKASZ,MĘŻCZYZNA,2
22,POMORSKIE,MAKSYM,MĘŻCZYZNA,2
22,POMORSKIE,MARTIN,MĘŻCZYZNA,2
22,POMORSKIE,MAURYCY,MĘŻCZYZNA,2
22,POMORSKIE,MAX,MĘŻCZYZNA,2
22,POMORSKIE,MAXIMILIAN,MĘŻCZYZNA,2
22,POMORSKIE,MILAN,MĘŻCZYZNA,2
22,POMORSKIE,MODEST,MĘŻCZYZNA,2
22,POMORSKIE,NOEL,MĘŻCZYZNA,2
22,POMORSKIE,OKTAWIAN,MĘŻCZYZNA,2
22,POMORSKIE,OKTAWIUSZ,MĘŻCZYZNA,2
22,POMORSKIE,OLGIERD,MĘŻCZYZNA,2
22,POMORSKIE,OLIVIER,MĘŻCZYZNA,2
22,POMORSKIE,OSCAR,MĘŻCZYZNA,2
22,POMORSKIE,SERGIUSZ,MĘŻCZYZNA,2
22,POMORSKIE,TEOFIL,MĘŻCZYZNA,2
22,POMORSKIE,WENANTY,MĘŻCZYZNA,2
22,POMORSKIE,WILLIAM,MĘŻCZYZNA,2
24,ŚLĄSKIE,,MĘŻCZYZNA,3448
24,ŚLĄSKIE,JAN,MĘŻCZYZNA,737
24,ŚLĄSKIE,PIOTR,MĘŻCZYZNA,577
24,ŚLĄSKIE,KRZYSZTOF,MĘŻCZYZNA,382
24,ŚLĄSKIE,JÓZEF,MĘŻCZYZNA,378
24,ŚLĄSKIE,MICHAŁ,MĘŻCZYZNA,367
24,ŚLĄSKIE,PAWEŁ,MĘŻCZYZNA,351
24,ŚLĄSKIE,TOMASZ,MĘŻCZYZNA,340
24,ŚLĄSKIE,STANISŁAW,MĘŻCZYZNA,332
24,ŚLĄSKIE,MATEUSZ,MĘŻCZYZNA,304
24,ŚLĄSKIE,ŁUKASZ,MĘŻCZYZNA,296
24,ŚLĄSKIE,JAKUB,MĘŻCZYZNA,288
24,ŚLĄSKIE,ADAM,MĘŻCZYZNA,285
24,ŚLĄSKIE,FRANCISZEK,MĘŻCZYZNA,270
24,ŚLĄSKIE,ANDRZEJ,MĘŻCZYZNA,267
24,ŚLĄSKIE,MARCIN,MĘŻCZYZNA,254
24,ŚLĄSKIE,ANTONI,MĘŻCZYZNA,235
24,ŚLĄSKIE,MAREK,MĘŻCZYZNA,229
24,ŚLĄSKIE,WOJCIECH,MĘŻCZYZNA,229
24,ŚLĄSKIE,DAWID,MĘŻCZYZNA,224
24,ŚLĄSKIE,ALEKSANDER,MĘŻCZYZNA,220
24,ŚLĄSKIE,KAMIL,MĘŻCZYZNA,202
24,ŚLĄSKIE,GRZEGORZ,MĘŻCZYZNA,197
24,ŚLĄSKIE,JERZY,MĘŻCZYZNA,179
24,ŚLĄSKIE,TADEUSZ,MĘŻCZYZNA,178
24,ŚLĄSKIE,SZYMON,MĘŻCZYZNA,175
24,ŚLĄSKIE,RAFAŁ,MĘŻCZYZNA,156
24,ŚLĄSKIE,KAROL,MĘŻCZYZNA,155
24,ŚLĄSKIE,MIKOŁAJ,MĘŻCZYZNA,153
24,ŚLĄSKIE,HENRYK,MĘŻCZYZNA,146
24,ŚLĄSKIE,ROBERT,MĘŻCZYZNA,145
24,ŚLĄSKIE,SEBASTIAN,MĘŻCZYZNA,133
24,ŚLĄSKIE,FILIP,MĘŻCZYZNA,131
24,ŚLĄSKIE,PATRYK,MĘŻCZYZNA,124
24,ŚLĄSKIE,DANIEL,MĘŻCZYZNA,123
24,ŚLĄSKIE,DAMIAN,MĘŻCZYZNA,118
24,ŚLĄSKIE,WIKTOR,MĘŻCZYZNA,118
24,ŚLĄSKIE,LEON,MĘŻCZYZNA,110
24,ŚLĄSKIE,KACPER,MĘŻCZYZNA,106
24,ŚLĄSKIE,MARIUSZ,MĘŻCZYZNA,106
24,ŚLĄSKIE,ARTUR,MĘŻCZYZNA,105
24,ŚLĄSKIE,RYSZARD,MĘŻCZYZNA,102
24,ŚLĄSKIE,MACIEJ,MĘŻCZYZNA,101
24,ŚLĄSKIE,DOMINIK,MĘŻCZYZNA,100
24,ŚLĄSKIE,JACEK,MĘŻCZYZNA,100
24,ŚLĄSKIE,ADRIAN,MĘŻCZYZNA,97
24,ŚLĄSKIE,KAZIMIERZ,MĘŻCZYZNA,96
24,ŚLĄSKIE,MAKSYMILIAN,MĘŻCZYZNA,93
24,ŚLĄSKIE,BARTOSZ,MĘŻCZYZNA,89
24,ŚLĄSKIE,NIKODEM,MĘŻCZYZNA,85
24,ŚLĄSKIE,DARIUSZ,MĘŻCZYZNA,83
24,ŚLĄSKIE,KRYSTIAN,MĘŻCZYZNA,76
24,ŚLĄSKIE,PRZEMYSŁAW,MĘŻCZYZNA,75
24,ŚLĄSKIE,IGNACY,MĘŻCZYZNA,72
24,ŚLĄSKIE,ZBIGNIEW,MĘŻCZYZNA,72
24,ŚLĄSKIE,MARIAN,MĘŻCZYZNA,69
24,ŚLĄSKIE,ARKADIUSZ,MĘŻCZYZNA,68
24,ŚLĄSKIE,GABRIEL,MĘŻCZYZNA,66
24,ŚLĄSKIE,EDWARD,MĘŻCZYZNA,61
24,ŚLĄSKIE,MIROSŁAW,MĘŻCZYZNA,60
24,ŚLĄSKIE,ROMAN,MĘŻCZYZNA,58
24,ŚLĄSKIE,OLIWIER,MĘŻCZYZNA,54
24,ŚLĄSKIE,KONRAD,MĘŻCZYZNA,53
24,ŚLĄSKIE,STEFAN,MĘŻCZYZNA,53
24,ŚLĄSKIE,WŁADYSŁAW,MĘŻCZYZNA,53
24,ŚLĄSKIE,BARTŁOMIEJ,MĘŻCZYZNA,52
24,ŚLĄSKIE,MIŁOSZ,MĘŻCZYZNA,51
24,ŚLĄSKIE,OSKAR,MĘŻCZYZNA,49
24,ŚLĄSKIE,JANUSZ,MĘŻCZYZNA,48
24,ŚLĄSKIE,IGOR,MĘŻCZYZNA,44
24,ŚLĄSKIE,MARCEL,MĘŻCZYZNA,44
24,ŚLĄSKIE,SŁAWOMIR,MĘŻCZYZNA,44
24,ŚLĄSKIE,CZESŁAW,MĘŻCZYZNA,43
24,ŚLĄSKIE,LESZEK,MĘŻCZYZNA,42
24,ŚLĄSKIE,HUBERT,MĘŻCZYZNA,39
24,ŚLĄSKIE,BOGDAN,MĘŻCZYZNA,37
24,ŚLĄSKIE,TYMOTEUSZ,MĘŻCZYZNA,33
24,ŚLĄSKIE,JAROSŁAW,MĘŻCZYZNA,32
24,ŚLĄSKIE,RADOSŁAW,MĘŻCZYZNA,30
24,ŚLĄSKIE,JULIAN,MĘŻCZYZNA,29
24,ŚLĄSKIE,WALDEMAR,MĘŻCZYZNA,29
24,ŚLĄSKIE,IRENEUSZ,MĘŻCZYZNA,26
24,ŚLĄSKIE,SYLWESTER,MĘŻCZYZNA,26
24,ŚLĄSKIE,BŁAŻEJ,MĘŻCZYZNA,25
24,ŚLĄSKIE,TYMON,MĘŻCZYZNA,25
24,ŚLĄSKIE,EMIL,MĘŻCZYZNA,24
24,ŚLĄSKIE,ERYK,MĘŻCZYZNA,24
24,ŚLĄSKIE,EUGENIUSZ,MĘŻCZYZNA,24
24,ŚLĄSKIE,FABIAN,MĘŻCZYZNA,24
24,ŚLĄSKIE,MIECZYSŁAW,MĘŻCZYZNA,23
24,ŚLĄSKIE,BRUNO,MĘŻCZYZNA,22
24,ŚLĄSKIE,CEZARY,MĘŻCZYZNA,21
24,ŚLĄSKIE,FLORIAN,MĘŻCZYZNA,21
24,ŚLĄSKIE,NORBERT,MĘŻCZYZNA,21
24,ŚLĄSKIE,ALAN,MĘŻCZYZNA,20
24,ŚLĄSKIE,ZYGMUNT,MĘŻCZYZNA,20
24,ŚLĄSKIE,KSAWERY,MĘŻCZYZNA,19
24,ŚLĄSKIE,LUDWIK,MĘŻCZYZNA,19
24,ŚLĄSKIE,WITOLD,MĘŻCZYZNA,19
24,ŚLĄSKIE,ZDZISŁAW,MĘŻCZYZNA,19
24,ŚLĄSKIE,BOGUSŁAW,MĘŻCZYZNA,18
24,ŚLĄSKIE,NATAN,MĘŻCZYZNA,18
24,ŚLĄSKIE,BORYS,MĘŻCZYZNA,17
24,ŚLĄSKIE,WIESŁAW,MĘŻCZYZNA,17
24,ŚLĄSKIE,LUCJAN,MĘŻCZYZNA,16
24,ŚLĄSKIE,KONSTANTY,MĘŻCZYZNA,15
24,ŚLĄSKIE,BERNARD,MĘŻCZYZNA,14
24,ŚLĄSKIE,ERNEST,MĘŻCZYZNA,14
24,ŚLĄSKIE,KAJETAN,MĘŻCZYZNA,14
24,ŚLĄSKIE,FRYDERYK,MĘŻCZYZNA,13
24,ŚLĄSKIE,OLAF,MĘŻCZYZNA,13
24,ŚLĄSKIE,TEODOR,MĘŻCZYZNA,13
24,ŚLĄSKIE,ALBERT,MĘŻCZYZNA,12
24,ŚLĄSKIE,FELIKS,MĘŻCZYZNA,12
24,ŚLĄSKIE,JOACHIM,MĘŻCZYZNA,12
24,ŚLĄSKIE,WACŁAW,MĘŻCZYZNA,12
24,ŚLĄSKIE,GUSTAW,MĘŻCZYZNA,11
24,ŚLĄSKIE,KUBA,MĘŻCZYZNA,11
24,ŚLĄSKIE,REMIGIUSZ,MĘŻCZYZNA,11
24,ŚLĄSKIE,SEWERYN,MĘŻCZYZNA,11
24,ŚLĄSKIE,SZCZEPAN,MĘŻCZYZNA,11
24,ŚLĄSKIE,BOLESŁAW,MĘŻCZYZNA,10
24,ŚLĄSKIE,BRONISŁAW,MĘŻCZYZNA,10
24,ŚLĄSKIE,LEO,MĘŻCZYZNA,10
24,ŚLĄSKIE,ALOJZY,MĘŻCZYZNA,9
24,ŚLĄSKIE,EDMUND,MĘŻCZYZNA,9
24,ŚLĄSKIE,LECH,MĘŻCZYZNA,9
24,ŚLĄSKIE,MIESZKO,MĘŻCZYZNA,9
24,ŚLĄSKIE,NATANIEL,MĘŻCZYZNA,9
24,ŚLĄSKIE,RUDOLF,MĘŻCZYZNA,9
24,ŚLĄSKIE,WALENTY,MĘŻCZYZNA,9
24,ŚLĄSKIE,BENIAMIN,MĘŻCZYZNA,8
24,ŚLĄSKIE,GERARD,MĘŻCZYZNA,8
24,ŚLĄSKIE,MILAN,MĘŻCZYZNA,8
24,ŚLĄSKIE,OLGIERD,MĘŻCZYZNA,8
24,ŚLĄSKIE,SAMUEL,MĘŻCZYZNA,8
24,ŚLĄSKIE,WINCENTY,MĘŻCZYZNA,8
24,ŚLĄSKIE,WŁODZIMIERZ,MĘŻCZYZNA,8
24,ŚLĄSKIE,ZENON,MĘŻCZYZNA,8
24,ŚLĄSKIE,ALFRED,MĘŻCZYZNA,7
24,ŚLĄSKIE,BENEDYKT,MĘŻCZYZNA,7
24,ŚLĄSKIE,DENIS,MĘŻCZYZNA,7
24,ŚLĄSKIE,KLAUDIUSZ,MĘŻCZYZNA,7
24,ŚLĄSKIE,KORNEL,MĘŻCZYZNA,7
24,ŚLĄSKIE,LEONARD,MĘŻCZYZNA,7
24,ŚLĄSKIE,OKTAWIAN,MĘŻCZYZNA,7
24,ŚLĄSKIE,OLIVIER,MĘŻCZYZNA,7
24,ŚLĄSKIE,TOBIASZ,MĘŻCZYZNA,7
24,ŚLĄSKIE,ALEXANDER,MĘŻCZYZNA,6
24,ŚLĄSKIE,AUGUSTYN,MĘŻCZYZNA,6
24,ŚLĄSKIE,JEREMI,MĘŻCZYZNA,6
24,ŚLĄSKIE,JULIUSZ,MĘŻCZYZNA,6
24,ŚLĄSKIE,WILHELM,MĘŻCZYZNA,6
24,ŚLĄSKIE,AMADEUSZ,MĘŻCZYZNA,5
24,ŚLĄSKIE,BRUNON,MĘŻCZYZNA,5
24,ŚLĄSKIE,DAVID,MĘŻCZYZNA,5
24,ŚLĄSKIE,DORIAN,MĘŻCZYZNA,5
24,ŚLĄSKIE,IWO,MĘŻCZYZNA,5
24,ŚLĄSKIE,KORNELIUSZ,MĘŻCZYZNA,5
24,ŚLĄSKIE,MARCELI,MĘŻCZYZNA,5
24,ŚLĄSKIE,MARTIN,MĘŻCZYZNA,5
24,ŚLĄSKIE,TEOFIL,MĘŻCZYZNA,5
24,ŚLĄSKIE,ALEKS,MĘŻCZYZNA,4
24,ŚLĄSKIE,ARON,MĘŻCZYZNA,4
24,ŚLĄSKIE,CYPRIAN,MĘŻCZYZNA,4
24,ŚLĄSKIE,HIERONIM,MĘŻCZYZNA,4
24,ŚLĄSKIE,JAMES,MĘŻCZYZNA,4
24,ŚLĄSKIE,JONATAN,MĘŻCZYZNA,4
24,ŚLĄSKIE,KORDIAN,MĘŻCZYZNA,4
24,ŚLĄSKIE,KSAWIER,MĘŻCZYZNA,4
24,ŚLĄSKIE,LEW,MĘŻCZYZNA,4
24,ŚLĄSKIE,MAX,MĘŻCZYZNA,4
24,ŚLĄSKIE,OLIVER,MĘŻCZYZNA,4
24,ŚLĄSKIE,PETER,MĘŻCZYZNA,4
24,ŚLĄSKIE,ROCH,MĘŻCZYZNA,4
24,ŚLĄSKIE,VINCENT,MĘŻCZYZNA,4
24,ŚLĄSKIE,ALEKSY,MĘŻCZYZNA,3
24,ŚLĄSKIE,ALEX,MĘŻCZYZNA,3
24,ŚLĄSKIE,ARIEL,MĘŻCZYZNA,3
24,ŚLĄSKIE,BALTAZAR,MĘŻCZYZNA,3
24,ŚLĄSKIE,BENJAMIN,MĘŻCZYZNA,3
24,ŚLĄSKIE,BRAJAN,MĘŻCZYZNA,3
24,ŚLĄSKIE,EMANUEL,MĘŻCZYZNA,3
24,ŚLĄSKIE,ERWIN,MĘŻCZYZNA,3
24,ŚLĄSKIE,GNIEWKO,MĘŻCZYZNA,3
24,ŚLĄSKIE,GNIEWOMIR,MĘŻCZYZNA,3
24,ŚLĄSKIE,GRACJAN,MĘŻCZYZNA,3
24,ŚLĄSKIE,KASPIAN,MĘŻCZYZNA,3
24,ŚLĄSKIE,KOSMA,MĘŻCZYZNA,3
24,ŚLĄSKIE,MAKSYM,MĘŻCZYZNA,3
24,ŚLĄSKIE,MARIA,MĘŻCZYZNA,3
24,ŚLĄSKIE,NIKOLAS,MĘŻCZYZNA,3
24,ŚLĄSKIE,PAUL,MĘŻCZYZNA,3
24,ŚLĄSKIE,RICARDO,MĘŻCZYZNA,3
24,ŚLĄSKIE,ROMUALD,MĘŻCZYZNA,3
24,ŚLĄSKIE,WERNER,MĘŻCZYZNA,3
24,ŚLĄSKIE,ZACHARY,MĘŻCZYZNA,3
24,ŚLĄSKIE,ALI,MĘŻCZYZNA,2
24,ŚLĄSKIE,ANDREW,MĘŻCZYZNA,2
24,ŚLĄSKIE,ANDŻELO,MĘŻCZYZNA,2
24,ŚLĄSKIE,ANTON,MĘŻCZYZNA,2
24,ŚLĄSKIE,ANTONIO,MĘŻCZYZNA,2
24,ŚLĄSKIE,AURELIUSZ,MĘŻCZYZNA,2
24,ŚLĄSKIE,AXEL,MĘŻCZYZNA,2
24,ŚLĄSKIE,BARTEK,MĘŻCZYZNA,2
24,ŚLĄSKIE,BARTLOMIEJ,MĘŻCZYZNA,2
24,ŚLĄSKIE,CHARLES,MĘŻCZYZNA,2
24,ŚLĄSKIE,DMYTRO,MĘŻCZYZNA,2
24,ŚLĄSKIE,DOBROMIR,MĘŻCZYZNA,2
24,ŚLĄSKIE,EMILIAN,MĘŻCZYZNA,2
24,ŚLĄSKIE,GINTER,MĘŻCZYZNA,2
24,ŚLĄSKIE,GNIEWOSZ,MĘŻCZYZNA,2
24,ŚLĄSKIE,HERBERT,MĘŻCZYZNA,2
24,ŚLĄSKIE,HUGO,MĘŻCZYZNA,2
24,ŚLĄSKIE,IWAN,MĘŻCZYZNA,2
24,ŚLĄSKIE,JEREMIASZ,MĘŻCZYZNA,2
24,ŚLĄSKIE,JĘDRZEJ,MĘŻCZYZNA,2
24,ŚLĄSKIE,JONASZ,MĘŻCZYZNA,2
24,ŚLĄSKIE,JORDAN,MĘŻCZYZNA,2
24,ŚLĄSKIE,KEVIN,MĘŻCZYZNA,2
24,ŚLĄSKIE,KEWIN,MĘŻCZYZNA,2
24,ŚLĄSKIE,LEONARDO,MĘŻCZYZNA,2
24,ŚLĄSKIE,LUKAS,MĘŻCZYZNA,2
24,ŚLĄSKIE,ŁUCJAN,MĘŻCZYZNA,2
24,ŚLĄSKIE,MAKS,MĘŻCZYZNA,2
24,ŚLĄSKIE,MARK,MĘŻCZYZNA,2
24,ŚLĄSKIE,MAXIMILIAN,MĘŻCZYZNA,2
24,ŚLĄSKIE,MICHAEL,MĘŻCZYZNA,2
24,ŚLĄSKIE,MIGUEL,MĘŻCZYZNA,2
24,ŚLĄSKIE,NATHAN,MĘŻCZYZNA,2
24,ŚLĄSKIE,NOAH,MĘŻCZYZNA,2
24,ŚLĄSKIE,NOE,MĘŻCZYZNA,2
24,ŚLĄSKIE,OMAR,MĘŻCZYZNA,2
24,ŚLĄSKIE,PIO,MĘŻCZYZNA,2
24,ŚLĄSKIE,RAFAEL,MĘŻCZYZNA,2
24,ŚLĄSKIE,SANTIAGO,MĘŻCZYZNA,2
24,ŚLĄSKIE,SERHII,MĘŻCZYZNA,2
24,ŚLĄSKIE,SIMON,MĘŻCZYZNA,2
24,ŚLĄSKIE,SZARBEL,MĘŻCZYZNA,2
24,ŚLĄSKIE,WENANTY,MĘŻCZYZNA,2
24,ŚLĄSKIE,WINCENT,MĘŻCZYZNA,2
24,ŚLĄSKIE,WOJTEK,MĘŻCZYZNA,2
24,ŚLĄSKIE,ZACHARIASZ,MĘŻCZYZNA,2
26,ŚWIĘTOKRZYSKIE,,MĘŻCZYZNA,2481
26,ŚWIĘTOKRZYSKIE,JAN,MĘŻCZYZNA,133
26,ŚWIĘTOKRZYSKIE,PIOTR,MĘŻCZYZNA,81
26,ŚWIĘTOKRZYSKIE,STANISŁAW,MĘŻCZYZNA,53
26,ŚWIĘTOKRZYSKIE,MICHAŁ,MĘŻCZYZNA,48
26,ŚWIĘTOKRZYSKIE,PAWEŁ,MĘŻCZYZNA,48
26,ŚWIĘTOKRZYSKIE,ADAM,MĘŻCZYZNA,47
26,ŚWIĘTOKRZYSKIE,ANDRZEJ,MĘŻCZYZNA,43
26,ŚWIĘTOKRZYSKIE,KRZYSZTOF,MĘŻCZYZNA,40
26,ŚWIĘTOKRZYSKIE,JÓZEF,MĘŻCZYZNA,39
26,ŚWIĘTOKRZYSKIE,ALEKSANDER,MĘŻCZYZNA,35
26,ŚWIĘTOKRZYSKIE,ŁUKASZ,MĘŻCZYZNA,35
26,ŚWIĘTOKRZYSKIE,TOMASZ,MĘŻCZYZNA,35
26,ŚWIĘTOKRZYSKIE,FRANCISZEK,MĘŻCZYZNA,29
26,ŚWIĘTOKRZYSKIE,ANTONI,MĘŻCZYZNA,28
26,ŚWIĘTOKRZYSKIE,KAMIL,MĘŻCZYZNA,28
26,ŚWIĘTOKRZYSKIE,MARCIN,MĘŻCZYZNA,28
26,ŚWIĘTOKRZYSKIE,MATEUSZ,MĘŻCZYZNA,28
26,ŚWIĘTOKRZYSKIE,MIKOŁAJ,MĘŻCZYZNA,25
26,ŚWIĘTOKRZYSKIE,JAKUB,MĘŻCZYZNA,24
26,ŚWIĘTOKRZYSKIE,MAREK,MĘŻCZYZNA,23
26,ŚWIĘTOKRZYSKIE,TADEUSZ,MĘŻCZYZNA,22
26,ŚWIĘTOKRZYSKIE,HENRYK,MĘŻCZYZNA,21
26,ŚWIĘTOKRZYSKIE,MAKSYMILIAN,MĘŻCZYZNA,21
26,ŚWIĘTOKRZYSKIE,NIKODEM,MĘŻCZYZNA,20
26,ŚWIĘTOKRZYSKIE,DAWID,MĘŻCZYZNA,19
26,ŚWIĘTOKRZYSKIE,GRZEGORZ,MĘŻCZYZNA,19
26,ŚWIĘTOKRZYSKIE,MARIUSZ,MĘŻCZYZNA,19
26,ŚWIĘTOKRZYSKIE,WIKTOR,MĘŻCZYZNA,19
26,ŚWIĘTOKRZYSKIE,KAROL,MĘŻCZYZNA,18
26,ŚWIĘTOKRZYSKIE,WOJCIECH,MĘŻCZYZNA,18
26,ŚWIĘTOKRZYSKIE,DARIUSZ,MĘŻCZYZNA,16
26,ŚWIĘTOKRZYSKIE,IGNACY,MĘŻCZYZNA,16
26,ŚWIĘTOKRZYSKIE,PRZEMYSŁAW,MĘŻCZYZNA,16
26,ŚWIĘTOKRZYSKIE,ROBERT,MĘŻCZYZNA,16
26,ŚWIĘTOKRZYSKIE,ARTUR,MĘŻCZYZNA,15
26,ŚWIĘTOKRZYSKIE,LEON,MĘŻCZYZNA,15
26,ŚWIĘTOKRZYSKIE,PATRYK,MĘŻCZYZNA,15
26,ŚWIĘTOKRZYSKIE,RYSZARD,MĘŻCZYZNA,15
26,ŚWIĘTOKRZYSKIE,SZYMON,MĘŻCZYZNA,15
26,ŚWIĘTOKRZYSKIE,GABRIEL,MĘŻCZYZNA,14
26,ŚWIĘTOKRZYSKIE,JERZY,MĘŻCZYZNA,14
26,ŚWIĘTOKRZYSKIE,KAZIMIERZ,MĘŻCZYZNA,13
26,ŚWIĘTOKRZYSKIE,ZBIGNIEW,MĘŻCZYZNA,13
26,ŚWIĘTOKRZYSKIE,DAMIAN,MĘŻCZYZNA,12
26,ŚWIĘTOKRZYSKIE,DOMINIK,MĘŻCZYZNA,12
26,ŚWIĘTOKRZYSKIE,IGOR,MĘŻCZYZNA,12
26,ŚWIĘTOKRZYSKIE,RAFAŁ,MĘŻCZYZNA,12
26,ŚWIĘTOKRZYSKIE,KACPER,MĘŻCZYZNA,11
26,ŚWIĘTOKRZYSKIE,MACIEJ,MĘŻCZYZNA,11
26,ŚWIĘTOKRZYSKIE,MARIAN,MĘŻCZYZNA,11
26,ŚWIĘTOKRZYSKIE,BARTOSZ,MĘŻCZYZNA,10
26,ŚWIĘTOKRZYSKIE,JACEK,MĘŻCZYZNA,10
26,ŚWIĘTOKRZYSKIE,JULIAN,MĘŻCZYZNA,10
26,ŚWIĘTOKRZYSKIE,MARCEL,MĘŻCZYZNA,10
26,ŚWIĘTOKRZYSKIE,OLIWIER,MĘŻCZYZNA,10
26,ŚWIĘTOKRZYSKIE,HUBERT,MĘŻCZYZNA,9
26,ŚWIĘTOKRZYSKIE,SEBASTIAN,MĘŻCZYZNA,9
26,ŚWIĘTOKRZYSKIE,ARKADIUSZ,MĘŻCZYZNA,8
26,ŚWIĘTOKRZYSKIE,CEZARY,MĘŻCZYZNA,8
26,ŚWIĘTOKRZYSKIE,DANIEL,MĘŻCZYZNA,8
26,ŚWIĘTOKRZYSKIE,FILIP,MĘŻCZYZNA,8
26,ŚWIĘTOKRZYSKIE,KRYSTIAN,MĘŻCZYZNA,8
26,ŚWIĘTOKRZYSKIE,MIECZYSŁAW,MĘŻCZYZNA,8
26,ŚWIĘTOKRZYSKIE,SYLWESTER,MĘŻCZYZNA,8
26,ŚWIĘTOKRZYSKIE,BARTŁOMIEJ,MĘŻCZYZNA,7
26,ŚWIĘTOKRZYSKIE,LESZEK,MĘŻCZYZNA,7
26,ŚWIĘTOKRZYSKIE,MIŁOSZ,MĘŻCZYZNA,7
26,ŚWIĘTOKRZYSKIE,STEFAN,MĘŻCZYZNA,7
26,ŚWIĘTOKRZYSKIE,TYMON,MĘŻCZYZNA,7
26,ŚWIĘTOKRZYSKIE,ADRIAN,MĘŻCZYZNA,6
26,ŚWIĘTOKRZYSKIE,EDWARD,MĘŻCZYZNA,6
26,ŚWIĘTOKRZYSKIE,KONRAD,MĘŻCZYZNA,6
26,ŚWIĘTOKRZYSKIE,MIROSŁAW,MĘŻCZYZNA,6
26,ŚWIĘTOKRZYSKIE,ROMAN,MĘŻCZYZNA,6
26,ŚWIĘTOKRZYSKIE,ALAN,MĘŻCZYZNA,5
26,ŚWIĘTOKRZYSKIE,FABIAN,MĘŻCZYZNA,5
26,ŚWIĘTOKRZYSKIE,SŁAWOMIR,MĘŻCZYZNA,5
26,ŚWIĘTOKRZYSKIE,BŁAŻEJ,MĘŻCZYZNA,4
26,ŚWIĘTOKRZYSKIE,BOGUSŁAW,MĘŻCZYZNA,4
26,ŚWIĘTOKRZYSKIE,CZESŁAW,MĘŻCZYZNA,4
26,ŚWIĘTOKRZYSKIE,KORNEL,MĘŻCZYZNA,4
26,ŚWIĘTOKRZYSKIE,KSAWERY,MĘŻCZYZNA,4
26,ŚWIĘTOKRZYSKIE,NATANIEL,MĘŻCZYZNA,4
26,ŚWIĘTOKRZYSKIE,OSKAR,MĘŻCZYZNA,4
26,ŚWIĘTOKRZYSKIE,WŁADYSŁAW,MĘŻCZYZNA,4
26,ŚWIĘTOKRZYSKIE,ZYGMUNT,MĘŻCZYZNA,4
26,ŚWIĘTOKRZYSKIE,ALEKSY,MĘŻCZYZNA,3
26,ŚWIĘTOKRZYSKIE,BOGDAN,MĘŻCZYZNA,3
26,ŚWIĘTOKRZYSKIE,EMIL,MĘŻCZYZNA,3
26,ŚWIĘTOKRZYSKIE,FLORIAN,MĘŻCZYZNA,3
26,ŚWIĘTOKRZYSKIE,JANUSZ,MĘŻCZYZNA,3
26,ŚWIĘTOKRZYSKIE,LECH,MĘŻCZYZNA,3
26,ŚWIĘTOKRZYSKIE,LEONARD,MĘŻCZYZNA,3
26,ŚWIĘTOKRZYSKIE,NORBERT,MĘŻCZYZNA,3
26,ŚWIĘTOKRZYSKIE,OLAF,MĘŻCZYZNA,3
26,ŚWIĘTOKRZYSKIE,RADOSŁAW,MĘŻCZYZNA,3
26,ŚWIĘTOKRZYSKIE,SZCZEPAN,MĘŻCZYZNA,3
26,ŚWIĘTOKRZYSKIE,TOBIASZ,MĘŻCZYZNA,3
26,ŚWIĘTOKRZYSKIE,WIESŁAW,MĘŻCZYZNA,3
26,ŚWIĘTOKRZYSKIE,ALBERT,MĘŻCZYZNA,2
26,ŚWIĘTOKRZYSKIE,AUGUST,MĘŻCZYZNA,2
26,ŚWIĘTOKRZYSKIE,BORYS,MĘŻCZYZNA,2
26,ŚWIĘTOKRZYSKIE,EUGENIUSZ,MĘŻCZYZNA,2
26,ŚWIĘTOKRZYSKIE,FELIKS,MĘŻCZYZNA,2
26,ŚWIĘTOKRZYSKIE,IRENEUSZ,MĘŻCZYZNA,2
26,ŚWIĘTOKRZYSKIE,IWO,MĘŻCZYZNA,2
26,ŚWIĘTOKRZYSKIE,JAROSŁAW,MĘŻCZYZNA,2
26,ŚWIĘTOKRZYSKIE,KUBA,MĘŻCZYZNA,2
26,ŚWIĘTOKRZYSKIE,LEO,MĘŻCZYZNA,2
26,ŚWIĘTOKRZYSKIE,LEW,MĘŻCZYZNA,2
26,ŚWIĘTOKRZYSKIE,REMIGIUSZ,MĘŻCZYZNA,2
26,ŚWIĘTOKRZYSKIE,TEODOR,MĘŻCZYZNA,2
26,ŚWIĘTOKRZYSKIE,WINCENTY,MĘŻCZYZNA,2
28,WARMIŃSKO-MAZURSKIE,,MĘŻCZYZNA,4355
28,WARMIŃSKO-MAZURSKIE,JAN,MĘŻCZYZNA,67
28,WARMIŃSKO-MAZURSKIE,PIOTR,MĘŻCZYZNA,36
28,WARMIŃSKO-MAZURSKIE,ALEKSANDER,MĘŻCZYZNA,30
28,WARMIŃSKO-MAZURSKIE,JÓZEF,MĘŻCZYZNA,30
28,WARMIŃSKO-MAZURSKIE,STANISŁAW,MĘŻCZYZNA,29
28,WARMIŃSKO-MAZURSKIE,KRZYSZTOF,MĘŻCZYZNA,24
28,WARMIŃSKO-MAZURSKIE,MICHAŁ,MĘŻCZYZNA,23
28,WARMIŃSKO-MAZURSKIE,PAWEŁ,MĘŻCZYZNA,21
28,WARMIŃSKO-MAZURSKIE,ADAM,MĘŻCZYZNA,20
28,WARMIŃSKO-MAZURSKIE,ANTONI,MĘŻCZYZNA,19
28,WARMIŃSKO-MAZURSKIE,TOMASZ,MĘŻCZYZNA,19
28,WARMIŃSKO-MAZURSKIE,ANDRZEJ,MĘŻCZYZNA,18
28,WARMIŃSKO-MAZURSKIE,JAKUB,MĘŻCZYZNA,18
28,WARMIŃSKO-MAZURSKIE,KAZIMIERZ,MĘŻCZYZNA,18
28,WARMIŃSKO-MAZURSKIE,TADEUSZ,MĘŻCZYZNA,16
28,WARMIŃSKO-MAZURSKIE,FRANCISZEK,MĘŻCZYZNA,15
28,WARMIŃSKO-MAZURSKIE,HENRYK,MĘŻCZYZNA,13
28,WARMIŃSKO-MAZURSKIE,JERZY,MĘŻCZYZNA,13
28,WARMIŃSKO-MAZURSKIE,LEON,MĘŻCZYZNA,13
28,WARMIŃSKO-MAZURSKIE,MIKOŁAJ,MĘŻCZYZNA,12
28,WARMIŃSKO-MAZURSKIE,RYSZARD,MĘŻCZYZNA,12
28,WARMIŃSKO-MAZURSKIE,ZBIGNIEW,MĘŻCZYZNA,11
28,WARMIŃSKO-MAZURSKIE,DAWID,MĘŻCZYZNA,10
28,WARMIŃSKO-MAZURSKIE,MARCIN,MĘŻCZYZNA,10
28,WARMIŃSKO-MAZURSKIE,MAREK,MĘŻCZYZNA,10
28,WARMIŃSKO-MAZURSKIE,ROMAN,MĘŻCZYZNA,10
28,WARMIŃSKO-MAZURSKIE,WIKTOR,MĘŻCZYZNA,10
28,WARMIŃSKO-MAZURSKIE,WOJCIECH,MĘŻCZYZNA,10
28,WARMIŃSKO-MAZURSKIE,IGNACY,MĘŻCZYZNA,9
28,WARMIŃSKO-MAZURSKIE,KACPER,MĘŻCZYZNA,9
28,WARMIŃSKO-MAZURSKIE,MACIEJ,MĘŻCZYZNA,9
28,WARMIŃSKO-MAZURSKIE,DAMIAN,MĘŻCZYZNA,8
28,WARMIŃSKO-MAZURSKIE,ŁUKASZ,MĘŻCZYZNA,8
28,WARMIŃSKO-MAZURSKIE,MAKSYMILIAN,MĘŻCZYZNA,8
28,WARMIŃSKO-MAZURSKIE,MARIUSZ,MĘŻCZYZNA,8
28,WARMIŃSKO-MAZURSKIE,MATEUSZ,MĘŻCZYZNA,8
28,WARMIŃSKO-MAZURSKIE,GABRIEL,MĘŻCZYZNA,7
28,WARMIŃSKO-MAZURSKIE,KAMIL,MĘŻCZYZNA,7
28,WARMIŃSKO-MAZURSKIE,OLIWIER,MĘŻCZYZNA,7
28,WARMIŃSKO-MAZURSKIE,RADOSŁAW,MĘŻCZYZNA,7
28,WARMIŃSKO-MAZURSKIE,BARTOSZ,MĘŻCZYZNA,6
28,WARMIŃSKO-MAZURSKIE,CEZARY,MĘŻCZYZNA,6
28,WARMIŃSKO-MAZURSKIE,DANIEL,MĘŻCZYZNA,6
28,WARMIŃSKO-MAZURSKIE,DOMINIK,MĘŻCZYZNA,6
28,WARMIŃSKO-MAZURSKIE,FILIP,MĘŻCZYZNA,6
28,WARMIŃSKO-MAZURSKIE,GRZEGORZ,MĘŻCZYZNA,6
28,WARMIŃSKO-MAZURSKIE,JULIAN,MĘŻCZYZNA,6
28,WARMIŃSKO-MAZURSKIE,PATRYK,MĘŻCZYZNA,6
28,WARMIŃSKO-MAZURSKIE,RAFAŁ,MĘŻCZYZNA,6
28,WARMIŃSKO-MAZURSKIE,SEBASTIAN,MĘŻCZYZNA,6
28,WARMIŃSKO-MAZURSKIE,WŁADYSŁAW,MĘŻCZYZNA,6
28,WARMIŃSKO-MAZURSKIE,ZDZISŁAW,MĘŻCZYZNA,6
28,WARMIŃSKO-MAZURSKIE,ADRIAN,MĘŻCZYZNA,5
28,WARMIŃSKO-MAZURSKIE,DARIUSZ,MĘŻCZYZNA,5
28,WARMIŃSKO-MAZURSKIE,JACEK,MĘŻCZYZNA,5
28,WARMIŃSKO-MAZURSKIE,KAROL,MĘŻCZYZNA,5
28,WARMIŃSKO-MAZURSKIE,NIKODEM,MĘŻCZYZNA,5
28,WARMIŃSKO-MAZURSKIE,ROBERT,MĘŻCZYZNA,5
28,WARMIŃSKO-MAZURSKIE,SZYMON,MĘŻCZYZNA,5
28,WARMIŃSKO-MAZURSKIE,WALDEMAR,MĘŻCZYZNA,5
28,WARMIŃSKO-MAZURSKIE,WITOLD,MĘŻCZYZNA,5
28,WARMIŃSKO-MAZURSKIE,ALAN,MĘŻCZYZNA,4
28,WARMIŃSKO-MAZURSKIE,ARKADIUSZ,MĘŻCZYZNA,4
28,WARMIŃSKO-MAZURSKIE,CZESŁAW,MĘŻCZYZNA,4
28,WARMIŃSKO-MAZURSKIE,EDWARD,MĘŻCZYZNA,4
28,WARMIŃSKO-MAZURSKIE,KONRAD,MĘŻCZYZNA,4
28,WARMIŃSKO-MAZURSKIE,KRYSTIAN,MĘŻCZYZNA,4
28,WARMIŃSKO-MAZURSKIE,LEO,MĘŻCZYZNA,4
28,WARMIŃSKO-MAZURSKIE,MARCEL,MĘŻCZYZNA,4
28,WARMIŃSKO-MAZURSKIE,MIROSŁAW,MĘŻCZYZNA,4
28,WARMIŃSKO-MAZURSKIE,SŁAWOMIR,MĘŻCZYZNA,4
28,WARMIŃSKO-MAZURSKIE,STEFAN,MĘŻCZYZNA,4
28,WARMIŃSKO-MAZURSKIE,SYLWESTER,MĘŻCZYZNA,4
28,WARMIŃSKO-MAZURSKIE,ARTUR,MĘŻCZYZNA,3
28,WARMIŃSKO-MAZURSKIE,BERNARD,MĘŻCZYZNA,3
28,WARMIŃSKO-MAZURSKIE,FELIKS,MĘŻCZYZNA,3
28,WARMIŃSKO-MAZURSKIE,HUBERT,MĘŻCZYZNA,3
28,WARMIŃSKO-MAZURSKIE,IGOR,MĘŻCZYZNA,3
28,WARMIŃSKO-MAZURSKIE,JANUSZ,MĘŻCZYZNA,3
28,WARMIŃSKO-MAZURSKIE,KONSTANTY,MĘŻCZYZNA,3
28,WARMIŃSKO-MAZURSKIE,KSAWERY,MĘŻCZYZNA,3
28,WARMIŃSKO-MAZURSKIE,LEONARD,MĘŻCZYZNA,3
28,WARMIŃSKO-MAZURSKIE,LESZEK,MĘŻCZYZNA,3
28,WARMIŃSKO-MAZURSKIE,MARIAN,MĘŻCZYZNA,3
28,WARMIŃSKO-MAZURSKIE,NATAN,MĘŻCZYZNA,3
28,WARMIŃSKO-MAZURSKIE,TYMOTEUSZ,MĘŻCZYZNA,3
28,WARMIŃSKO-MAZURSKIE,ALEXANDER,MĘŻCZYZNA,2
28,WARMIŃSKO-MAZURSKIE,BOGDAN,MĘŻCZYZNA,2
28,WARMIŃSKO-MAZURSKIE,BORYS,MĘŻCZYZNA,2
28,WARMIŃSKO-MAZURSKIE,BOŻYDAR,MĘŻCZYZNA,2
28,WARMIŃSKO-MAZURSKIE,BRAJAN,MĘŻCZYZNA,2
28,WARMIŃSKO-MAZURSKIE,CYPRIAN,MĘŻCZYZNA,2
28,WARMIŃSKO-MAZURSKIE,DORIAN,MĘŻCZYZNA,2
28,WARMIŃSKO-MAZURSKIE,ERYK,MĘŻCZYZNA,2
28,WARMIŃSKO-MAZURSKIE,GUSTAW,MĘŻCZYZNA,2
28,WARMIŃSKO-MAZURSKIE,JAROSŁAW,MĘŻCZYZNA,2
28,WARMIŃSKO-MAZURSKIE,KORNEL,MĘŻCZYZNA,2
28,WARMIŃSKO-MAZURSKIE,LECH,MĘŻCZYZNA,2
28,WARMIŃSKO-MAZURSKIE,MAKSYM,MĘŻCZYZNA,2
28,WARMIŃSKO-MAZURSKIE,MIŁOSZ,MĘŻCZYZNA,2
28,WARMIŃSKO-MAZURSKIE,NORBERT,MĘŻCZYZNA,2
28,WARMIŃSKO-MAZURSKIE,OLAF,MĘŻCZYZNA,2
28,WARMIŃSKO-MAZURSKIE,PAWEL,MĘŻCZYZNA,2
28,WARMIŃSKO-MAZURSKIE,PRZEMYSŁAW,MĘŻCZYZNA,2
28,WARMIŃSKO-MAZURSKIE,SYRIUSZ,MĘŻCZYZNA,2
28,WARMIŃSKO-MAZURSKIE,THOMAS,MĘŻCZYZNA,2
28,WARMIŃSKO-MAZURSKIE,WIESŁAW,MĘŻCZYZNA,2
28,WARMIŃSKO-MAZURSKIE,ZENON,MĘŻCZYZNA,2
28,WARMIŃSKO-MAZURSKIE,ZYGMUNT,MĘŻCZYZNA,2
30,WIELKOPOLSKIE,,MĘŻCZYZNA,11882
30,WIELKOPOLSKIE,JAN,MĘŻCZYZNA,318
30,WIELKOPOLSKIE,PIOTR,MĘŻCZYZNA,177
30,WIELKOPOLSKIE,JÓZEF,MĘŻCZYZNA,154
30,WIELKOPOLSKIE,STANISŁAW,MĘŻCZYZNA,148
30,WIELKOPOLSKIE,KRZYSZTOF,MĘŻCZYZNA,125
30,WIELKOPOLSKIE,ADAM,MĘŻCZYZNA,96
30,WIELKOPOLSKIE,TOMASZ,MĘŻCZYZNA,92
30,WIELKOPOLSKIE,MICHAŁ,MĘŻCZYZNA,89
30,WIELKOPOLSKIE,ANDRZEJ,MĘŻCZYZNA,88
30,WIELKOPOLSKIE,ANTONI,MĘŻCZYZNA,88
30,WIELKOPOLSKIE,JAKUB,MĘŻCZYZNA,85
30,WIELKOPOLSKIE,JERZY,MĘŻCZYZNA,78
30,WIELKOPOLSKIE,WOJCIECH,MĘŻCZYZNA,77
30,WIELKOPOLSKIE,MAREK,MĘŻCZYZNA,74
30,WIELKOPOLSKIE,PAWEŁ,MĘŻCZYZNA,74
30,WIELKOPOLSKIE,FRANCISZEK,MĘŻCZYZNA,73
30,WIELKOPOLSKIE,HENRYK,MĘŻCZYZNA,69
30,WIELKOPOLSKIE,KAZIMIERZ,MĘŻCZYZNA,58
30,WIELKOPOLSKIE,MARCIN,MĘŻCZYZNA,58
30,WIELKOPOLSKIE,ALEKSANDER,MĘŻCZYZNA,57
30,WIELKOPOLSKIE,ŁUKASZ,MĘŻCZYZNA,55
30,WIELKOPOLSKIE,MATEUSZ,MĘŻCZYZNA,54
30,WIELKOPOLSKIE,IGNACY,MĘŻCZYZNA,49
30,WIELKOPOLSKIE,MIKOŁAJ,MĘŻCZYZNA,49
30,WIELKOPOLSKIE,TADEUSZ,MĘŻCZYZNA,48
30,WIELKOPOLSKIE,DAWID,MĘŻCZYZNA,44
30,WIELKOPOLSKIE,SZYMON,MĘŻCZYZNA,44
30,WIELKOPOLSKIE,GRZEGORZ,MĘŻCZYZNA,42
30,WIELKOPOLSKIE,MACIEJ,MĘŻCZYZNA,39
30,WIELKOPOLSKIE,LEON,MĘŻCZYZNA,37
30,WIELKOPOLSKIE,ZBIGNIEW,MĘŻCZYZNA,36
30,WIELKOPOLSKIE,FILIP,MĘŻCZYZNA,35
30,WIELKOPOLSKIE,PATRYK,MĘŻCZYZNA,35
30,WIELKOPOLSKIE,RYSZARD,MĘŻCZYZNA,33
30,WIELKOPOLSKIE,KAROL,MĘŻCZYZNA,32
30,WIELKOPOLSKIE,DARIUSZ,MĘŻCZYZNA,30
30,WIELKOPOLSKIE,JACEK,MĘŻCZYZNA,28
30,WIELKOPOLSKIE,ROBERT,MĘŻCZYZNA,28
30,WIELKOPOLSKIE,WIKTOR,MĘŻCZYZNA,28
30,WIELKOPOLSKIE,MAKSYMILIAN,MĘŻCZYZNA,27
30,WIELKOPOLSKIE,RAFAŁ,MĘŻCZYZNA,27
30,WIELKOPOLSKIE,KACPER,MĘŻCZYZNA,26
30,WIELKOPOLSKIE,KAMIL,MĘŻCZYZNA,24
30,WIELKOPOLSKIE,ARTUR,MĘŻCZYZNA,23
30,WIELKOPOLSKIE,STEFAN,MĘŻCZYZNA,23
30,WIELKOPOLSKIE,MARIAN,MĘŻCZYZNA,22
30,WIELKOPOLSKIE,ROMAN,MĘŻCZYZNA,21
30,WIELKOPOLSKIE,BARTOSZ,MĘŻCZYZNA,20
30,WIELKOPOLSKIE,DOMINIK,MĘŻCZYZNA,19
30,WIELKOPOLSKIE,GABRIEL,MĘŻCZYZNA,19
30,WIELKOPOLSKIE,LESZEK,MĘŻCZYZNA,19
30,WIELKOPOLSKIE,NIKODEM,MĘŻCZYZNA,19
30,WIELKOPOLSKIE,ADRIAN,MĘŻCZYZNA,17
30,WIELKOPOLSKIE,MARIUSZ,MĘŻCZYZNA,17
30,WIELKOPOLSKIE,SŁAWOMIR,MĘŻCZYZNA,17
30,WIELKOPOLSKIE,MARCEL,MĘŻCZYZNA,16
30,WIELKOPOLSKIE,MIECZYSŁAW,MĘŻCZYZNA,16
30,WIELKOPOLSKIE,SEBASTIAN,MĘŻCZYZNA,16
30,WIELKOPOLSKIE,CZESŁAW,MĘŻCZYZNA,15
30,WIELKOPOLSKIE,EDWARD,MĘŻCZYZNA,15
30,WIELKOPOLSKIE,PRZEMYSŁAW,MĘŻCZYZNA,15
30,WIELKOPOLSKIE,WŁADYSŁAW,MĘŻCZYZNA,15
30,WIELKOPOLSKIE,BARTŁOMIEJ,MĘŻCZYZNA,14
30,WIELKOPOLSKIE,IRENEUSZ,MĘŻCZYZNA,14
30,WIELKOPOLSKIE,BOGDAN,MĘŻCZYZNA,13
30,WIELKOPOLSKIE,JANUSZ,MĘŻCZYZNA,13
30,WIELKOPOLSKIE,JAROSŁAW,MĘŻCZYZNA,13
30,WIELKOPOLSKIE,KONRAD,MĘŻCZYZNA,13
30,WIELKOPOLSKIE,OLIWIER,MĘŻCZYZNA,13
30,WIELKOPOLSKIE,HUBERT,MĘŻCZYZNA,12
30,WIELKOPOLSKIE,KRYSTIAN,MĘŻCZYZNA,12
30,WIELKOPOLSKIE,MIROSŁAW,MĘŻCZYZNA,12
30,WIELKOPOLSKIE,WIESŁAW,MĘŻCZYZNA,12
30,WIELKOPOLSKIE,FLORIAN,MĘŻCZYZNA,11
30,WIELKOPOLSKIE,SYLWESTER,MĘŻCZYZNA,11
30,WIELKOPOLSKIE,TYMON,MĘŻCZYZNA,11
30,WIELKOPOLSKIE,ARKADIUSZ,MĘŻCZYZNA,10
30,WIELKOPOLSKIE,JULIAN,MĘŻCZYZNA,10
30,WIELKOPOLSKIE,NATAN,MĘŻCZYZNA,10
30,WIELKOPOLSKIE,WALDEMAR,MĘŻCZYZNA,10
30,WIELKOPOLSKIE,WITOLD,MĘŻCZYZNA,10
30,WIELKOPOLSKIE,ZENON,MĘŻCZYZNA,10
30,WIELKOPOLSKIE,BŁAŻEJ,MĘŻCZYZNA,9
30,WIELKOPOLSKIE,CEZARY,MĘŻCZYZNA,9
30,WIELKOPOLSKIE,DAMIAN,MĘŻCZYZNA,9
30,WIELKOPOLSKIE,DANIEL,MĘŻCZYZNA,9
30,WIELKOPOLSKIE,IGOR,MĘŻCZYZNA,9
30,WIELKOPOLSKIE,MIŁOSZ,MĘŻCZYZNA,9
30,WIELKOPOLSKIE,ZYGMUNT,MĘŻCZYZNA,9
30,WIELKOPOLSKIE,BOGUSŁAW,MĘŻCZYZNA,8
30,WIELKOPOLSKIE,KAJETAN,MĘŻCZYZNA,8
30,WIELKOPOLSKIE,LECH,MĘŻCZYZNA,8
30,WIELKOPOLSKIE,OSKAR,MĘŻCZYZNA,8
30,WIELKOPOLSKIE,RADOSŁAW,MĘŻCZYZNA,8
30,WIELKOPOLSKIE,BOLESŁAW,MĘŻCZYZNA,7
30,WIELKOPOLSKIE,EUGENIUSZ,MĘŻCZYZNA,7
30,WIELKOPOLSKIE,KSAWERY,MĘŻCZYZNA,7
30,WIELKOPOLSKIE,WŁODZIMIERZ,MĘŻCZYZNA,7
30,WIELKOPOLSKIE,ALBERT,MĘŻCZYZNA,6
30,WIELKOPOLSKIE,ALEX,MĘŻCZYZNA,6
30,WIELKOPOLSKIE,EDMUND,MĘŻCZYZNA,6
30,WIELKOPOLSKIE,FELIKS,MĘŻCZYZNA,6
30,WIELKOPOLSKIE,GRACJAN,MĘŻCZYZNA,6
30,WIELKOPOLSKIE,GUSTAW,MĘŻCZYZNA,6
30,WIELKOPOLSKIE,KONSTANTY,MĘŻCZYZNA,6
30,WIELKOPOLSKIE,NORBERT,MĘŻCZYZNA,6
30,WIELKOPOLSKIE,TEODOR,MĘŻCZYZNA,6
30,WIELKOPOLSKIE,ALAN,MĘŻCZYZNA,5
30,WIELKOPOLSKIE,BENEDYKT,MĘŻCZYZNA,5
30,WIELKOPOLSKIE,BERNARD,MĘŻCZYZNA,5
30,WIELKOPOLSKIE,BRONISŁAW,MĘŻCZYZNA,5
30,WIELKOPOLSKIE,ERYK,MĘŻCZYZNA,5
30,WIELKOPOLSKIE,IWO,MĘŻCZYZNA,5
30,WIELKOPOLSKIE,JEREMI,MĘŻCZYZNA,5
30,WIELKOPOLSKIE,LUCJAN,MĘŻCZYZNA,5
30,WIELKOPOLSKIE,LUDWIK,MĘŻCZYZNA,5
30,WIELKOPOLSKIE,ROCH,MĘŻCZYZNA,5
30,WIELKOPOLSKIE,TYMOTEUSZ,MĘŻCZYZNA,5
30,WIELKOPOLSKIE,TYTUS,MĘŻCZYZNA,5
30,WIELKOPOLSKIE,WACŁAW,MĘŻCZYZNA,5
30,WIELKOPOLSKIE,ALOJZY,MĘŻCZYZNA,4
30,WIELKOPOLSKIE,AURELIUSZ,MĘŻCZYZNA,4
30,WIELKOPOLSKIE,BORYS,MĘŻCZYZNA,4
30,WIELKOPOLSKIE,EMIL,MĘŻCZYZNA,4
30,WIELKOPOLSKIE,FABIAN,MĘŻCZYZNA,4
30,WIELKOPOLSKIE,HIERONIM,MĘŻCZYZNA,4
30,WIELKOPOLSKIE,JĘDRZEJ,MĘŻCZYZNA,4
30,WIELKOPOLSKIE,JOACHIM,MĘŻCZYZNA,4
30,WIELKOPOLSKIE,KORDIAN,MĘŻCZYZNA,4
30,WIELKOPOLSKIE,KORNEL,MĘŻCZYZNA,4
30,WIELKOPOLSKIE,LEO,MĘŻCZYZNA,4
30,WIELKOPOLSKIE,LEONARD,MĘŻCZYZNA,4
30,WIELKOPOLSKIE,REMIGIUSZ,MĘŻCZYZNA,4
30,WIELKOPOLSKIE,WINCENTY,MĘŻCZYZNA,4
30,WIELKOPOLSKIE,ALEXANDER,MĘŻCZYZNA,3
30,WIELKOPOLSKIE,BAZYLI,MĘŻCZYZNA,3
30,WIELKOPOLSKIE,BOGUMIŁ,MĘŻCZYZNA,3
30,WIELKOPOLSKIE,EMANUEL,MĘŻCZYZNA,3
30,WIELKOPOLSKIE,FERDYNAND,MĘŻCZYZNA,3
30,WIELKOPOLSKIE,KASPIAN,MĘŻCZYZNA,3
30,WIELKOPOLSKIE,LEW,MĘŻCZYZNA,3
30,WIELKOPOLSKIE,OLAF,MĘŻCZYZNA,3
30,WIELKOPOLSKIE,OLIVER,MĘŻCZYZNA,3
30,WIELKOPOLSKIE,SEWERYN,MĘŻCZYZNA,3
30,WIELKOPOLSKIE,SZCZEPAN,MĘŻCZYZNA,3
30,WIELKOPOLSKIE,WAWRZYNIEC,MĘŻCZYZNA,3
30,WIELKOPOLSKIE,WILLIAM,MĘŻCZYZNA,3
30,WIELKOPOLSKIE,WIT,MĘŻCZYZNA,3
30,WIELKOPOLSKIE,YURII,MĘŻCZYZNA,3
30,WIELKOPOLSKIE,ZDZISŁAW,MĘŻCZYZNA,3
30,WIELKOPOLSKIE,ALEKSY,MĘŻCZYZNA,2
30,WIELKOPOLSKIE,AMADEUSZ,MĘŻCZYZNA,2
30,WIELKOPOLSKIE,ANASTAZY,MĘŻCZYZNA,2
30,WIELKOPOLSKIE,AUGUST,MĘŻCZYZNA,2
30,WIELKOPOLSKIE,BOHDAN,MĘŻCZYZNA,2
30,WIELKOPOLSKIE,BRUNO,MĘŻCZYZNA,2
30,WIELKOPOLSKIE,CYPRIAN,MĘŻCZYZNA,2
30,WIELKOPOLSKIE,EDWIN,MĘŻCZYZNA,2
30,WIELKOPOLSKIE,ELIASZ,MĘŻCZYZNA,2
30,WIELKOPOLSKIE,EMMANUEL,MĘŻCZYZNA,2
30,WIELKOPOLSKIE,FRYDERYK,MĘŻCZYZNA,2
30,WIELKOPOLSKIE,GWIDON,MĘŻCZYZNA,2
30,WIELKOPOLSKIE,IVO,MĘŻCZYZNA,2
30,WIELKOPOLSKIE,JONASZ,MĘŻCZYZNA,2
30,WIELKOPOLSKIE,JORDAN,MĘŻCZYZNA,2
30,WIELKOPOLSKIE,JOZEF,MĘŻCZYZNA,2
30,WIELKOPOLSKIE,LEONARDO,MĘŻCZYZNA,2
30,WIELKOPOLSKIE,LESŁAW,MĘŻCZYZNA,2
30,WIELKOPOLSKIE,MAKS,MĘŻCZYZNA,2
30,WIELKOPOLSKIE,MARTIN,MĘŻCZYZNA,2
30,WIELKOPOLSKIE,MAURYCY,MĘŻCZYZNA,2
30,WIELKOPOLSKIE,MIESZKO,MĘŻCZYZNA,2
30,WIELKOPOLSKIE,MIRON,MĘŻCZYZNA,2
30,WIELKOPOLSKIE,MUHAMMAD,MĘŻCZYZNA,2
30,WIELKOPOLSKIE,NATANIEL,MĘŻCZYZNA,2
30,WIELKOPOLSKIE,OLIVIER,MĘŻCZYZNA,2
30,WIELKOPOLSKIE,TOBIASZ,MĘŻCZYZNA,2
30,WIELKOPOLSKIE,VIKTOR,MĘŻCZYZNA,2
30,WIELKOPOLSKIE,VITO,MĘŻCZYZNA,2
30,WIELKOPOLSKIE,WALENTY,MĘŻCZYZNA,2
32,ZACHODNIOPOMORSKIE,,MĘŻCZYZNA,4092
32,ZACHODNIOPOMORSKIE,JAN,MĘŻCZYZNA,118
32,ZACHODNIOPOMORSKIE,PIOTR,MĘŻCZYZNA,99
32,ZACHODNIOPOMORSKIE,KRZYSZTOF,MĘŻCZYZNA,64
32,ZACHODNIOPOMORSKIE,STANISŁAW,MĘŻCZYZNA,64
32,ZACHODNIOPOMORSKIE,ADAM,MĘŻCZYZNA,57
32,ZACHODNIOPOMORSKIE,MICHAŁ,MĘŻCZYZNA,57
32,ZACHODNIOPOMORSKIE,ANDRZEJ,MĘŻCZYZNA,52
32,ZACHODNIOPOMORSKIE,JAKUB,MĘŻCZYZNA,46
32,ZACHODNIOPOMORSKIE,GRZEGORZ,MĘŻCZYZNA,43
32,ZACHODNIOPOMORSKIE,HENRYK,MĘŻCZYZNA,42
32,ZACHODNIOPOMORSKIE,TOMASZ,MĘŻCZYZNA,42
32,ZACHODNIOPOMORSKIE,ANTONI,MĘŻCZYZNA,40
32,ZACHODNIOPOMORSKIE,ALEKSANDER,MĘŻCZYZNA,39
32,ZACHODNIOPOMORSKIE,JÓZEF,MĘŻCZYZNA,39
32,ZACHODNIOPOMORSKIE,MAREK,MĘŻCZYZNA,36
32,ZACHODNIOPOMORSKIE,PAWEŁ,MĘŻCZYZNA,36
32,ZACHODNIOPOMORSKIE,JERZY,MĘŻCZYZNA,35
32,ZACHODNIOPOMORSKIE,RYSZARD,MĘŻCZYZNA,34
32,ZACHODNIOPOMORSKIE,ŁUKASZ,MĘŻCZYZNA,33
32,ZACHODNIOPOMORSKIE,KAROL,MĘŻCZYZNA,29
32,ZACHODNIOPOMORSKIE,MATEUSZ,MĘŻCZYZNA,29
32,ZACHODNIOPOMORSKIE,DARIUSZ,MĘŻCZYZNA,26
32,ZACHODNIOPOMORSKIE,DAWID,MĘŻCZYZNA,26
32,ZACHODNIOPOMORSKIE,TADEUSZ,MĘŻCZYZNA,26
32,ZACHODNIOPOMORSKIE,FRANCISZEK,MĘŻCZYZNA,25
32,ZACHODNIOPOMORSKIE,KAZIMIERZ,MĘŻCZYZNA,25
32,ZACHODNIOPOMORSKIE,MACIEJ,MĘŻCZYZNA,25
32,ZACHODNIOPOMORSKIE,MARCIN,MĘŻCZYZNA,25
32,ZACHODNIOPOMORSKIE,PATRYK,MĘŻCZYZNA,23
32,ZACHODNIOPOMORSKIE,ROBERT,MĘŻCZYZNA,22
32,ZACHODNIOPOMORSKIE,JACEK,MĘŻCZYZNA,21
32,ZACHODNIOPOMORSKIE,MIKOŁAJ,MĘŻCZYZNA,21
32,ZACHODNIOPOMORSKIE,WOJCIECH,MĘŻCZYZNA,21
32,ZACHODNIOPOMORSKIE,ARTUR,MĘŻCZYZNA,20
32,ZACHODNIOPOMORSKIE,RAFAŁ,MĘŻCZYZNA,20
32,ZACHODNIOPOMORSKIE,ZBIGNIEW,MĘŻCZYZNA,20
32,ZACHODNIOPOMORSKIE,BARTOSZ,MĘŻCZYZNA,18
32,ZACHODNIOPOMORSKIE,FILIP,MĘŻCZYZNA,18
32,ZACHODNIOPOMORSKIE,DANIEL,MĘŻCZYZNA,17
32,ZACHODNIOPOMORSKIE,KAMIL,MĘŻCZYZNA,17
32,ZACHODNIOPOMORSKIE,STEFAN,MĘŻCZYZNA,17
32,ZACHODNIOPOMORSKIE,DAMIAN,MĘŻCZYZNA,16
32,ZACHODNIOPOMORSKIE,JAROSŁAW,MĘŻCZYZNA,16
32,ZACHODNIOPOMORSKIE,LEON,MĘŻCZYZNA,16
32,ZACHODNIOPOMORSKIE,NIKODEM,MĘŻCZYZNA,16
32,ZACHODNIOPOMORSKIE,WIKTOR,MĘŻCZYZNA,16
32,ZACHODNIOPOMORSKIE,EDWARD,MĘŻCZYZNA,15
32,ZACHODNIOPOMORSKIE,KACPER,MĘŻCZYZNA,15
32,ZACHODNIOPOMORSKIE,MARIUSZ,MĘŻCZYZNA,14
32,ZACHODNIOPOMORSKIE,WALDEMAR,MĘŻCZYZNA,14
32,ZACHODNIOPOMORSKIE,WŁADYSŁAW,MĘŻCZYZNA,14
32,ZACHODNIOPOMORSKIE,MIROSŁAW,MĘŻCZYZNA,13
32,ZACHODNIOPOMORSKIE,PRZEMYSŁAW,MĘŻCZYZNA,13
32,ZACHODNIOPOMORSKIE,SEBASTIAN,MĘŻCZYZNA,13
32,ZACHODNIOPOMORSKIE,SŁAWOMIR,MĘŻCZYZNA,13
32,ZACHODNIOPOMORSKIE,GABRIEL,MĘŻCZYZNA,12
32,ZACHODNIOPOMORSKIE,JANUSZ,MĘŻCZYZNA,12
32,ZACHODNIOPOMORSKIE,OLIWIER,MĘŻCZYZNA,12
32,ZACHODNIOPOMORSKIE,SZYMON,MĘŻCZYZNA,12
32,ZACHODNIOPOMORSKIE,MAKSYMILIAN,MĘŻCZYZNA,11
32,ZACHODNIOPOMORSKIE,RADOSŁAW,MĘŻCZYZNA,11
32,ZACHODNIOPOMORSKIE,ROMAN,MĘŻCZYZNA,11
32,ZACHODNIOPOMORSKIE,BOGDAN,MĘŻCZYZNA,10
32,ZACHODNIOPOMORSKIE,JULIAN,MĘŻCZYZNA,10
32,ZACHODNIOPOMORSKIE,OSKAR,MĘŻCZYZNA,10
32,ZACHODNIOPOMORSKIE,ADRIAN,MĘŻCZYZNA,9
32,ZACHODNIOPOMORSKIE,ALAN,MĘŻCZYZNA,9
32,ZACHODNIOPOMORSKIE,CZESŁAW,MĘŻCZYZNA,8
32,ZACHODNIOPOMORSKIE,DOMINIK,MĘŻCZYZNA,8
32,ZACHODNIOPOMORSKIE,WIESŁAW,MĘŻCZYZNA,8
32,ZACHODNIOPOMORSKIE,ARKADIUSZ,MĘŻCZYZNA,7
32,ZACHODNIOPOMORSKIE,IGNACY,MĘŻCZYZNA,7
32,ZACHODNIOPOMORSKIE,KAJETAN,MĘŻCZYZNA,7
32,ZACHODNIOPOMORSKIE,KRYSTIAN,MĘŻCZYZNA,7
32,ZACHODNIOPOMORSKIE,MARIAN,MĘŻCZYZNA,7
32,ZACHODNIOPOMORSKIE,MIŁOSZ,MĘŻCZYZNA,7
32,ZACHODNIOPOMORSKIE,WITOLD,MĘŻCZYZNA,7
32,ZACHODNIOPOMORSKIE,BARTŁOMIEJ,MĘŻCZYZNA,6
32,ZACHODNIOPOMORSKIE,BOGUSŁAW,MĘŻCZYZNA,6
32,ZACHODNIOPOMORSKIE,BOLESŁAW,MĘŻCZYZNA,6
32,ZACHODNIOPOMORSKIE,BRUNO,MĘŻCZYZNA,6
32,ZACHODNIOPOMORSKIE,CEZARY,MĘŻCZYZNA,6
32,ZACHODNIOPOMORSKIE,KONRAD,MĘŻCZYZNA,6
32,ZACHODNIOPOMORSKIE,EDMUND,MĘŻCZYZNA,5
32,ZACHODNIOPOMORSKIE,ERNEST,MĘŻCZYZNA,5
32,ZACHODNIOPOMORSKIE,EUGENIUSZ,MĘŻCZYZNA,5
32,ZACHODNIOPOMORSKIE,GRACJAN,MĘŻCZYZNA,5
32,ZACHODNIOPOMORSKIE,IGOR,MĘŻCZYZNA,5
32,ZACHODNIOPOMORSKIE,IRENEUSZ,MĘŻCZYZNA,5
32,ZACHODNIOPOMORSKIE,MARCEL,MĘŻCZYZNA,5
32,ZACHODNIOPOMORSKIE,MIECZYSŁAW,MĘŻCZYZNA,5
32,ZACHODNIOPOMORSKIE,MIESZKO,MĘŻCZYZNA,5
32,ZACHODNIOPOMORSKIE,MILAN,MĘŻCZYZNA,5
32,ZACHODNIOPOMORSKIE,SYLWESTER,MĘŻCZYZNA,5
32,ZACHODNIOPOMORSKIE,TEODOR,MĘŻCZYZNA,5
32,ZACHODNIOPOMORSKIE,TYMOTEUSZ,MĘŻCZYZNA,5
32,ZACHODNIOPOMORSKIE,ZDZISŁAW,MĘŻCZYZNA,5
32,ZACHODNIOPOMORSKIE,BRONISŁAW,MĘŻCZYZNA,4
32,ZACHODNIOPOMORSKIE,EMIL,MĘŻCZYZNA,4
32,ZACHODNIOPOMORSKIE,FABIAN,MĘŻCZYZNA,4
32,ZACHODNIOPOMORSKIE,HUBERT,MĘŻCZYZNA,4
32,ZACHODNIOPOMORSKIE,KORNEL,MĘŻCZYZNA,4
32,ZACHODNIOPOMORSKIE,LESZEK,MĘŻCZYZNA,4
32,ZACHODNIOPOMORSKIE,NATAN,MĘŻCZYZNA,4
32,ZACHODNIOPOMORSKIE,NATANIEL,MĘŻCZYZNA,4
32,ZACHODNIOPOMORSKIE,OLAF,MĘŻCZYZNA,4
32,ZACHODNIOPOMORSKIE,SEWERYN,MĘŻCZYZNA,4
32,ZACHODNIOPOMORSKIE,TYMON,MĘŻCZYZNA,4
32,ZACHODNIOPOMORSKIE,ZYGMUNT,MĘŻCZYZNA,4
32,ZACHODNIOPOMORSKIE,ALBERT,MĘŻCZYZNA,3
32,ZACHODNIOPOMORSKIE,BORYS,MĘŻCZYZNA,3
32,ZACHODNIOPOMORSKIE,CYPRIAN,MĘŻCZYZNA,3
32,ZACHODNIOPOMORSKIE,ERYK,MĘŻCZYZNA,3
32,ZACHODNIOPOMORSKIE,FELIKS,MĘŻCZYZNA,3
32,ZACHODNIOPOMORSKIE,FRYDERYK,MĘŻCZYZNA,3
32,ZACHODNIOPOMORSKIE,GERARD,MĘŻCZYZNA,3
32,ZACHODNIOPOMORSKIE,KSAWERY,MĘŻCZYZNA,3
32,ZACHODNIOPOMORSKIE,KUBA,MĘŻCZYZNA,3
32,ZACHODNIOPOMORSKIE,LECH,MĘŻCZYZNA,3
32,ZACHODNIOPOMORSKIE,MARIA,MĘŻCZYZNA,3
32,ZACHODNIOPOMORSKIE,NORBERT,MĘŻCZYZNA,3
32,ZACHODNIOPOMORSKIE,WINCENT,MĘŻCZYZNA,3
32,ZACHODNIOPOMORSKIE,ZENON,MĘŻCZYZNA,3
32,ZACHODNIOPOMORSKIE,ARIEL,MĘŻCZYZNA,2
32,ZACHODNIOPOMORSKIE,BŁAŻEJ,MĘŻCZYZNA,2
32,ZACHODNIOPOMORSKIE,GUSTAW,MĘŻCZYZNA,2
32,ZACHODNIOPOMORSKIE,HEKTOR,MĘŻCZYZNA,2
32,ZACHODNIOPOMORSKIE,IZYDOR,MĘŻCZYZNA,2
32,ZACHODNIOPOMORSKIE,JĘDRZEJ,MĘŻCZYZNA,2
32,ZACHODNIOPOMORSKIE,JOACHIM,MĘŻCZYZNA,2
32,ZACHODNIOPOMORSKIE,KONSTANTY,MĘŻCZYZNA,2
32,ZACHODNIOPOMORSKIE,LEO,MĘŻCZYZNA,2
32,ZACHODNIOPOMORSKIE,LEW,MĘŻCZYZNA,2
32,ZACHODNIOPOMORSKIE,LOUIS,MĘŻCZYZNA,2
32,ZACHODNIOPOMORSKIE,LUCJAN,MĘŻCZYZNA,2
32,ZACHODNIOPOMORSKIE,LUDWIK,MĘŻCZYZNA,2
32,ZACHODNIOPOMORSKIE,MAX,MĘŻCZYZNA,2
32,ZACHODNIOPOMORSKIE,OLIVER,MĘŻCZYZNA,2
32,ZACHODNIOPOMORSKIE,RAGNAR,MĘŻCZYZNA,2
32,ZACHODNIOPOMORSKIE,ROMUALD,MĘŻCZYZNA,2
32,ZACHODNIOPOMORSKIE,SZCZEPAN,MĘŻCZYZNA,2
32,ZACHODNIOPOMORSKIE,VINCENT,MĘŻCZYZNA,2
32,ZACHODNIOPOMORSKIE,WIT,MĘŻCZYZNA,2
